filename,ece,avg_llm_confidences,avg_quiz_accuracy,error
high_school_chemistry_df_processed.csv,0.1215,0.7364999999999999,0.63,
high_school_physics_df_processed.csv,0.12733333333333324,0.718,0.5933333333333334,
gpqa_chemistry_df_processed.csv,0.32000000000000006,0.6188888888888887,0.31666666666666665,
college_physics_df_processed.csv,0.1675000000000001,0.6884999999999997,0.56,
gpqa_physics_df_processed.csv,0.26444444444444437,0.6255555555555555,0.3611111111111111,
gpqa_biology_df_processed.csv,0.15728571428571433,0.6998571428571427,0.5428571428571428,
college_biology_df_processed.csv,0.107857142857143,0.7764285714285714,0.8785714285714286,
college_chemistry_df_processed.csv,0.19050000000000003,0.7154999999999997,0.53,
high_school_biology_df_processed.csv,0.09338709677419356,0.7962903225806451,0.8870967741935484,
