,trueorfalse,final_result,final_confidence,answer
0,True,A,1.0,A
1,True,D,1.0,D
2,True,D,1.0,D
3,True,C,1.0,C
4,True,C,1.0,C
5,True,B,1.0,B
6,True,C,1.0,C
7,True,D,1.0,D
8,True,D,1.0,D
9,True,C,1.0,C
10,False,A,1.0,D
11,True,D,1.0,D
12,True,B,1.0,B
13,False,B,1.0,A
14,True,A,1.0,A
15,True,B,1.0,B
16,True,D,1.0,D
17,True,D,1.0,D
18,True,B,1.0,B
19,True,A,1.0,A
20,True,C,1.0,C
21,True,A,1.0,A
22,False,B,1.0,C
23,True,C,1.0,C
24,True,C,1.0,C
25,True,C,1.0,C
26,False,C,1.0,D
27,True,C,1.0,C
28,True,B,1.0,B
29,True,C,1.0,C
30,True,C,1.0,C
31,True,A,1.0,A
32,True,C,1.0,C
33,True,A,1.0,A
34,True,D,1.0,D
35,True,B,1.0,B
36,True,D,1.0,D
37,True,A,1.0,A
38,True,A,1.0,A
39,True,C,1.0,C
40,True,B,1.0,B
41,True,C,1.0,C
42,True,B,1.0,B
43,True,C,1.0,C
44,True,C,1.0,C
45,True,B,1.0,B
46,True,D,1.0,D
47,True,C,1.0,C
48,True,B,1.0,B
49,True,A,1.0,A
50,True,D,1.0,D
51,True,A,1.0,A
52,True,C,1.0,C
53,True,C,1.0,C
54,True,A,1.0,A
55,True,C,1.0,C
56,True,B,0.6666666666666666,B
57,True,C,1.0,C
58,True,B,1.0,B
59,True,B,1.0,B
60,True,B,1.0,B
61,True,D,1.0,D
62,True,C,1.0,C
63,True,B,1.0,B
64,True,B,1.0,B
65,True,C,1.0,C
66,True,B,1.0,B
67,True,D,1.0,D
68,True,C,1.0,C
69,True,B,1.0,B
70,True,B,1.0,B
71,True,D,1.0,D
72,True,C,1.0,C
73,True,C,1.0,C
74,True,C,1.0,C
75,True,A,1.0,A
76,True,B,1.0,B
77,True,C,1.0,C
78,True,A,1.0,A
79,True,A,1.0,A
80,True,B,1.0,B
81,True,D,1.0,D
82,True,B,1.0,B
83,True,C,1.0,C
84,True,A,1.0,A
85,False,A,1.0,D
86,True,A,1.0,A
87,True,A,1.0,A
88,True,D,1.0,D
89,True,D,1.0,D
90,True,B,1.0,B
91,True,D,1.0,D
92,True,D,1.0,D
93,False,D,0.68,A
94,True,D,1.0,D
95,True,C,1.0,C
96,True,D,1.0,D
97,True,D,1.0,D
98,True,D,1.0,D
99,True,D,1.0,D
100,False,A,0.6666666666666666,C
101,True,A,1.0,A
102,True,B,1.0,B
103,True,A,1.0,A
104,True,D,1.0,D
105,True,B,1.0,B
106,True,D,1.0,D
107,True,A,1.0,A
108,True,A,1.0,A
109,True,C,1.0,C
110,True,D,1.0,D
111,False,C,1.0,A
112,True,B,1.0,B
113,True,A,1.0,A
114,True,B,1.0,B
115,True,A,1.0,A
116,True,D,1.0,D
117,False,B,0.6666666666666666,D
118,True,A,1.0,A
119,True,A,1.0,A
120,True,D,1.0,D
121,True,B,1.0,B
122,True,B,1.0,B
123,True,D,1.0,D
124,True,D,1.0,D
125,True,A,1.0,A
126,True,A,1.0,A
127,True,A,1.0,A
128,True,A,1.0,A
129,True,A,1.0,A
130,True,A,1.0,A
131,True,C,1.0,C
132,True,B,1.0,B
133,True,D,1.0,D
134,True,A,1.0,A
135,True,D,1.0,D
136,True,C,1.0,C
137,True,D,1.0,D
138,True,B,1.0,B
139,True,A,1.0,A
