,trueorfalse,final_result,final_confidence,answer
0,True,D,1.0,D
1,False,C,1.0,A
2,True,B,1.0,B
3,True,C,1.0,C
4,False,A,0.68,B
5,True,A,1.0,A
6,True,D,1.0,D
7,True,A,0.6666666666666666,A
8,True,A,1.0,A
9,False,A,1.0,D
10,False,C,1.0,B
11,False,C,1.0,B
12,True,D,1.0,D
13,False,B,1.0,C
14,True,B,1.0,B
15,True,C,1.0,C
16,True,A,1.0,A
17,True,B,1.0,B
18,False,A,1.0,C
19,False,A,1.0,B
20,True,B,0.6666666666666666,B
21,False,B,1.0,C
22,False,C,1.0,D
23,True,A,1.0,A
24,True,C,0.6538461538461539,C
25,True,D,1.0,D
26,False,C,1.0,D
27,False,A,0.6,D
28,True,B,1.0,B
29,False,B,1.0,D
30,True,D,1.0,D
31,True,D,1.0,D
32,False,C,1.0,A
33,False,B,1.0,D
34,True,D,1.0,D
35,False,A,0.6666666666666666,C
36,False,C,0.7058823529411765,A
37,False,A,0.6,D
38,True,C,1.0,C
39,True,B,1.0,B
40,False,A,1.0,D
41,True,D,1.0,D
42,False,C,1.0,D
43,True,A,1.0,A
44,False,C,1.0,B
45,False,B,1.0,C
46,True,B,0.36363636363636365,B
47,True,B,1.0,B
48,True,D,1.0,D
49,True,C,1.0,C
50,True,A,1.0,A
51,True,B,1.0,B
52,False,C,0.6666666666666666,A
53,True,D,1.0,D
54,False,D,1.0,A
55,True,D,1.0,D
56,False,A,0.6666666666666666,D
57,False,B,0.6666666666666666,D
58,True,A,1.0,A
59,False,D,1.0,A
60,True,A,1.0,A
61,False,B,0.6923076923076923,C
62,False,A,0.6666666666666666,D
63,True,D,1.0,D
64,True,D,1.0,D
65,False,C,1.0,D
66,True,A,1.0,A
67,True,A,1.0,A
68,False,B,1.0,D
69,True,A,1.0,A
70,False,D,1.0,A
71,True,B,1.0,B
72,True,D,1.0,D
73,False,A,1.0,D
74,True,D,1.0,D
75,False,D,1.0,B
76,True,B,1.0,B
77,True,D,1.0,D
78,True,B,0.3333333333333333,B
79,True,D,1.0,D
80,False,C,1.0,D
81,False,C,0.68,D
82,False,B,1.0,D
83,True,D,1.0,D
84,False,B,1.0,D
85,False,B,1.0,C
86,True,C,1.0,C
87,False,D,1.0,B
88,True,B,1.0,B
89,True,D,1.0,D
90,True,D,1.0,D
91,True,C,1.0,C
92,True,C,1.0,C
93,False,B,1.0,C
94,True,A,1.0,A
95,False,C,1.0,B
96,False,B,1.0,D
97,False,B,0.68,D
98,True,C,1.0,C
99,False,D,0.7272727272727273,C
