,trueorfalse,final_result,final_confidence,answer
0,True,B,1.0,B
1,True,C,1.0,C
2,True,B,0.6666666666666666,B
3,True,D,1.0,D
4,True,D,1.0,D
5,False,B,1.0,D
6,True,B,1.0,B
7,False,C,1.0,D
8,False,C,0.6666666666666666,D
9,True,D,1.0,D
10,True,D,1.0,D
11,False,A,1.0,C
12,False,D,1.0,B
13,True,A,1.0,A
14,True,C,0.6666666666666666,C
15,False,C,1.0,D
16,False,C,1.0,D
17,True,D,1.0,D
18,True,D,1.0,D
19,True,D,1.0,D
20,False,C,1.0,D
21,False,C,1.0,D
22,True,C,1.0,C
23,True,C,1.0,C
24,False,B,1.0,C
25,False,C,1.0,A
26,True,B,1.0,B
27,True,C,1.0,C
28,False,C,1.0,A
29,True,C,1.0,C
30,True,A,1.0,A
31,False,C,1.0,B
32,False,C,1.0,B
33,True,D,1.0,D
34,True,D,1.0,D
35,True,D,1.0,D
36,True,D,1.0,D
37,True,A,1.0,A
38,False,B,0.7272727272727273,D
39,True,D,1.0,D
40,False,C,0.6666666666666666,B
41,True,A,1.0,A
42,False,D,0.8620689655172413,B
43,True,C,1.0,C
44,False,C,1.0,D
45,True,C,1.0,C
46,False,A,1.0,B
47,True,D,1.0,D
48,False,A,1.0,B
49,True,B,1.0,B
50,False,C,1.0,D
51,False,C,1.0,B
52,True,A,1.0,A
53,False,D,0.6666666666666666,C
54,False,B,1.0,A
55,False,C,1.0,D
56,True,C,1.0,C
57,True,D,1.0,D
58,True,B,1.0,B
59,False,D,0.3333333333333333,C
60,True,D,1.0,D
61,True,D,1.0,D
62,False,C,1.0,B
63,True,B,1.0,B
64,True,A,1.0,A
65,False,C,1.0,A
66,True,A,1.0,A
67,False,C,1.0,D
68,False,C,1.0,A
69,False,D,1.0,A
70,True,A,1.0,A
71,True,D,1.0,D
72,False,C,0.6666666666666666,D
73,False,D,1.0,B
74,True,A,1.0,A
75,True,D,1.0,D
76,False,A,1.0,C
77,True,A,1.0,A
78,True,C,1.0,C
79,True,D,1.0,D
80,True,A,1.0,A
81,False,A,0.6666666666666666,B
82,True,C,1.0,C
83,False,B,1.0,A
84,True,D,1.0,D
85,True,D,1.0,D
86,True,B,0.6666666666666666,B
87,True,C,1.0,C
88,False,A,1.0,C
89,False,B,0.6538461538461539,D
90,True,B,1.0,B
91,True,A,1.0,A
92,False,B,1.0,A
93,True,D,1.0,D
94,True,D,1.0,D
95,True,A,1.0,A
96,True,C,1.0,C
97,False,C,1.0,D
98,False,B,1.0,A
99,True,C,1.0,C
