,trueorfalse,final_result,final_confidence,answer
0,False,B,1.0,A
1,True,C,1.0,C
2,False,A,1.0,D
3,False,A,0.6666666666666666,B
4,True,D,1.0,D
5,True,D,1.0,D
6,False,A,0.6666666666666666,B
7,False,A,1.0,C
8,False,C,1.0,A
9,False,B,0.6363636363636364,A
10,True,A,1.0,A
11,False,B,1.0,C
12,True,D,1.0,D
13,False,A,1.0,C
14,False,C,0.6666666666666666,A
15,False,A,1.0,C
16,False,A,1.0,C
17,False,A,1.0,B
18,False,A,1.0,B
19,True,B,0.6666666666666666,B
20,False,D,1.0,C
21,False,C,1.0,A
22,False,D,0.6666666666666666,B
23,False,C,1.0,B
24,False,A,1.0,C
25,True,B,1.0,B
26,True,A,0.6666666666666666,A
27,False,C,1.0,B
28,False,D,1.0,C
29,False,C,1.0,D
30,False,C,1.0,A
31,False,C,1.0,D
32,False,A,0.6666666666666666,B
33,True,A,1.0,A
34,True,D,1.0,D
35,False,A,0.6666666666666666,C
36,False,A,1.0,C
37,True,C,1.0,C
38,True,C,1.0,C
39,True,C,0.6666666666666666,C
40,False,B,1.0,C
41,True,A,1.0,A
42,False,A,0.6666666666666666,B
43,True,A,1.0,A
44,False,C,1.0,D
45,False,A,1.0,D
46,False,B,1.0,A
47,True,A,1.0,A
48,False,B,1.0,C
49,False,A,1.0,C
50,False,A,0.3333333333333333,B
51,False,C,1.0,A
52,False,D,1.0,C
53,False,A,1.0,B
54,False,D,0.6956521739130435,C
55,False,C,0.4,B
56,False,D,1.0,A
57,True,D,1.0,D
58,False,D,1.0,B
59,False,C,0.6666666666666666,B
60,True,B,1.0,B
61,True,D,1.0,D
62,False,A,1.0,D
63,False,C,1.0,D
64,False,C,1.0,D
65,False,B,0.6363636363636364,C
66,False,D,1.0,B
67,False,B,0.673469387755102,C
68,True,B,1.0,B
69,False,B,1.0,D
70,False,A,1.0,C
71,False,B,0.7272727272727273,D
72,False,B,1.0,C
73,False,D,1.0,A
74,False,D,1.0,A
75,True,D,1.0,D
76,False,D,0.6666666666666666,A
77,False,A,1.0,B
78,False,B,1.0,C
79,False,C,1.0,B
80,False,A,0.68,D
81,False,B,1.0,C
82,False,C,1.0,A
83,True,A,1.0,A
84,False,C,0.6666666666666666,B
85,False,A,1.0,D
86,True,A,1.0,A
87,True,D,1.0,D
88,True,A,1.0,A
89,False,A,1.0,D
90,True,A,1.0,A
91,True,D,0.4,D
92,True,D,1.0,D
93,True,C,1.0,C
94,True,D,1.0,D
95,False,C,0.6666666666666666,D
96,False,C,0.68,D
97,False,D,0.6666666666666666,A
98,False,B,1.0,C
99,False,C,1.0,D
100,False,B,1.0,D
101,False,A,1.0,C
102,True,C,1.0,C
103,True,A,1.0,A
104,False,D,1.0,B
105,False,A,1.0,D
106,False,C,0.6666666666666666,D
107,True,C,1.0,C
108,False,C,1.0,B
109,False,A,0.6666666666666666,B
110,True,C,1.0,C
111,True,B,0.6666666666666666,B
112,True,B,1.0,B
113,False,A,1.0,C
114,False,C,1.0,B
115,False,B,1.0,C
116,False,C,1.0,A
117,False,C,1.0,A
118,False,C,1.0,A
119,False,B,1.0,D
120,False,C,0.6666666666666666,D
121,True,C,1.0,C
122,True,B,1.0,B
123,True,B,1.0,B
124,False,C,1.0,D
125,False,C,0.6666666666666666,B
126,True,B,1.0,B
127,False,A,0.6666666666666666,B
128,False,B,1.0,A
129,False,A,1.0,C
130,False,C,1.0,A
131,True,C,1.0,C
132,True,B,1.0,B
133,False,C,1.0,B
134,False,C,1.0,D
135,False,D,1.0,A
136,True,A,0.6666666666666666,A
137,False,D,0.6666666666666666,A
138,True,C,1.0,C
139,False,A,1.0,D
140,False,B,0.6666666666666666,C
141,True,A,1.0,A
142,False,A,0.6,C
143,False,D,0.36363636363636365,C
144,True,B,1.0,B
145,True,A,1.0,A
146,False,C,0.6666666666666666,B
147,False,C,0.6666666666666666,B
148,True,B,1.0,B
149,True,C,1.0,C
150,False,C,1.0,D
151,False,D,0.7,B
152,False,A,1.0,C
153,False,C,1.0,B
154,True,D,1.0,D
155,False,C,1.0,D
156,False,D,1.0,B
157,False,C,1.0,B
158,False,C,0.6382978723404256,B
159,True,A,1.0,A
160,False,C,1.0,D
161,False,C,0.6666666666666666,B
162,False,B,1.0,C
163,False,C,1.0,D
164,False,A,1.0,C
165,True,A,1.0,A
166,False,C,0.6666666666666666,D
167,True,A,1.0,A
168,False,D,1.0,C
169,False,A,1.0,B
170,True,D,0.6666666666666666,D
171,False,B,1.0,C
172,True,A,1.0,A
173,False,B,1.0,A
174,True,C,1.0,C
175,False,C,0.6666666666666666,B
176,False,D,0.6666666666666666,A
177,False,B,0.6666666666666666,C
178,False,A,1.0,C
179,True,A,1.0,A
