,trueorfalse,final_result,final_confidence,answer
0,True,B,1.0,B
1,False,A,1.0,D
2,False,C,1.0,B
3,False,D,1.0,B
4,False,B,0.6666666666666666,A
5,False,A,1.0,D
6,True,D,0.6274509803921569,D
7,False,B,1.0,C
8,True,B,1.0,B
9,True,B,0.6666666666666666,B
10,True,C,1.0,C
11,False,C,1.0,D
12,True,C,1.0,C
13,True,D,1.0,D
14,False,C,1.0,D
15,False,C,0.6190476190476191,B
16,False,D,0.7142857142857143,B
17,False,B,1.0,D
18,False,C,1.0,A
19,False,A,0.6666666666666666,B
20,False,A,1.0,D
21,False,B,1.0,C
22,False,D,1.0,A
23,True,A,1.0,A
24,True,A,1.0,A
25,True,B,1.0,B
26,False,A,1.0,B
27,True,B,1.0,B
28,False,B,1.0,C
29,False,B,0.6666666666666666,C
30,False,C,1.0,A
31,False,C,1.0,A
32,True,D,1.0,D
33,True,A,1.0,A
34,False,C,0.64,A
35,False,B,1.0,D
36,False,C,1.0,B
37,False,C,1.0,D
38,True,C,1.0,C
39,False,D,1.0,B
40,False,B,1.0,D
41,True,C,0.6363636363636364,C
42,False,D,1.0,B
43,False,C,1.0,B
44,True,B,1.0,B
45,False,C,1.0,A
46,True,D,1.0,D
47,True,B,1.0,B
48,False,C,0.64,D
49,True,D,1.0,D
50,False,B,1.0,D
51,True,D,1.0,D
52,True,C,1.0,C
53,False,B,1.0,D
54,True,A,1.0,A
55,False,A,1.0,D
56,False,B,1.0,C
57,False,D,1.0,B
58,True,D,1.0,D
59,False,A,1.0,C
60,False,B,1.0,A
61,True,A,1.0,A
62,False,D,0.36363636363636365,B
63,False,D,0.3333333333333333,B
64,False,A,0.6595744680851063,B
65,True,A,0.6666666666666666,A
66,False,B,1.0,C
67,False,D,1.0,B
68,True,D,0.7058823529411765,D
69,False,B,1.0,D
70,False,D,1.0,B
71,False,B,1.0,C
72,False,A,0.6666666666666666,B
73,False,A,1.0,D
74,True,B,1.0,B
75,False,B,1.0,D
76,True,C,1.0,C
77,False,D,1.0,B
78,True,B,1.0,B
79,True,A,1.0,A
80,False,B,1.0,A
81,False,A,1.0,D
82,False,C,1.0,B
83,True,A,1.0,A
84,True,B,1.0,B
85,False,B,1.0,D
86,False,C,0.7209302325581395,A
87,True,A,1.0,A
88,False,D,0.6956521739130435,A
89,False,C,1.0,D
90,False,B,1.0,A
91,False,B,1.0,C
92,False,D,0.4444444444444444,A
93,True,B,0.6666666666666666,B
94,False,C,1.0,B
95,False,B,1.0,A
96,True,B,1.0,B
97,False,C,1.0,A
98,True,B,1.0,B
99,False,A,1.0,D
100,False,C,1.0,D
101,False,D,0.3333333333333333,B
102,True,B,1.0,B
103,False,D,0.64,B
104,True,C,1.0,C
105,True,B,1.0,B
106,False,D,1.0,B
107,False,A,1.0,B
108,True,C,1.0,C
109,False,B,1.0,C
110,False,A,1.0,B
111,False,D,0.6666666666666666,C
112,False,C,0.6666666666666666,D
113,False,C,1.0,A
114,False,B,1.0,A
115,True,D,1.0,D
116,False,D,1.0,A
117,False,B,1.0,C
118,False,D,1.0,A
119,True,A,1.0,A
120,True,B,1.0,B
121,False,A,0.6363636363636364,B
122,False,A,0.6666666666666666,D
123,True,D,1.0,D
124,False,C,1.0,A
125,True,B,1.0,B
126,False,D,0.6666666666666666,C
127,True,B,0.68,B
128,False,A,1.0,D
129,False,D,1.0,A
130,True,A,0.6363636363636364,A
131,True,B,1.0,B
132,False,C,1.0,A
133,False,A,1.0,D
134,False,A,0.7209302325581395,B
135,False,B,1.0,D
136,False,B,1.0,A
137,True,A,1.0,A
138,False,B,1.0,D
139,True,D,1.0,D
140,False,C,1.0,D
141,True,C,1.0,C
142,True,C,0.6666666666666666,C
143,True,C,1.0,C
144,False,D,0.6666666666666666,A
145,False,B,0.6666666666666666,C
146,False,C,1.0,B
147,False,A,0.6,D
148,False,D,0.6666666666666666,A
149,False,D,1.0,C
150,False,A,1.0,D
151,False,D,1.0,A
152,True,B,0.7,B
153,False,D,0.6666666666666666,B
154,False,B,1.0,D
155,True,C,1.0,C
156,False,A,1.0,B
157,True,A,1.0,A
158,True,C,1.0,C
159,True,D,1.0,D
160,False,C,0.6842105263157895,B
161,False,C,1.0,A
162,True,B,1.0,B
163,False,A,1.0,D
164,True,A,1.0,A
165,True,B,1.0,B
166,False,D,1.0,A
167,False,D,0.75,A
168,False,C,1.0,D
169,False,B,1.0,A
170,False,B,1.0,A
171,True,B,1.0,B
172,True,B,1.0,B
173,False,C,1.0,A
174,False,B,1.0,A
175,False,B,1.0,C
176,True,A,1.0,A
177,False,D,1.0,B
178,False,C,0.6666666666666666,D
179,False,C,1.0,D
