,trueorfalse,final_result,final_confidence,answer
0,FALSE,D,1,B
1,FALSE,D,1,A
2,FALSE,A,1,B
3,FALSE,B,1,D
4,TRUE,A,1,A
5,TRUE,D,1,D
6,TRUE,A,1,A
7,FALSE,A,1,C
8,FALSE,A,1,B
9,FALSE,D,1,A
10,TRUE,A,1,A
11,FALSE,C,1,A
12,TRUE,B,1,B
13,FALSE,B,1,C
14,TRUE,B,1,B
15,FALSE,D,1,A
16,TRUE,C,1,C
17,TRUE,C,1,C
18,TRUE,D,0.6666666666666666,D
19,TRUE,C,1,C
20,TRUE,A,1,A
21,TRUE,C,0.6666666666666666,C
22,TRUE,B,1,B
23,FALSE,D,1,A
24,TRUE,A,1,A
25,TRUE,D,1,D
26,TRUE,C,1,C
27,TRUE,C,1,C
28,FALSE,D,0.3333333333333333,B
29,TRUE,B,1,B
30,FALSE,B,1,D
31,TRUE,A,1,A
32,FALSE,B,1,D
33,FALSE,B,1,D
34,TRUE,C,0.6666666666666666,C
35,FALSE,C,0.6666666666666666,A
36,FALSE,A,1,C
37,TRUE,C,1,C
38,FALSE,D,0.6666666666666666,C
39,FALSE,D,1,B
40,FALSE,B,1,D
41,TRUE,D,1,D
42,TRUE,B,1,B
43,TRUE,B,1,B
44,TRUE,D,1,D
45,FALSE,C,1,D
46,TRUE,C,1,C
47,TRUE,B,1,B
48,FALSE,D,0.6666666666666666,B
49,FALSE,C,1,B
50,FALSE,A,1,D
51,FALSE,A,0.6086956521739131,C
52,TRUE,B,1,B
53,FALSE,D,1,A
54,TRUE,B,1,B
55,TRUE,C,1,C
56,TRUE,B,1,B
57,TRUE,C,1,C
58,TRUE,A,1,A
59,FALSE,A,1,C
60,TRUE,B,1,B
61,FALSE,C,1,A
62,TRUE,A,1,A
63,TRUE,B,1,B
64,TRUE,B,1,B
65,FALSE,D,1,B
66,FALSE,C,1,A
67,TRUE,D,1,D
68,TRUE,A,0.6923076923076923,A
69,FALSE,C,1,A
