,trueorfalse,final_result,final_confidence,answer
0,True,D,1.0,D
1,False,C,1.0,B
2,True,A,1.0,A
3,True,C,1.0,C
4,True,C,1.0,C
5,True,C,1.0,C
6,True,D,1.0,D
7,True,D,1.0,D
8,True,A,1.0,A
9,True,D,1.0,D
10,True,C,1.0,C
11,True,A,1.0,A
12,True,C,1.0,C
13,True,B,1.0,B
14,True,B,1.0,B
15,True,B,1.0,B
16,True,B,1.0,B
17,True,D,1.0,D
18,False,A,1.0,C
19,True,A,1.0,A
20,True,D,1.0,D
21,True,D,1.0,D
22,True,D,1.0,D
23,True,A,1.0,A
24,True,B,1.0,B
25,True,A,1.0,A
26,True,C,1.0,C
27,True,A,1.0,A
28,True,B,1.0,B
29,True,B,1.0,B
30,True,A,1.0,A
31,True,A,1.0,A
32,False,A,1.0,D
33,True,D,1.0,D
34,True,C,1.0,C
35,True,C,1.0,C
36,True,C,1.0,C
37,True,D,1.0,D
38,True,D,1.0,D
39,True,B,1.0,B
40,True,D,1.0,D
41,True,D,1.0,D
42,True,A,1.0,A
43,True,B,1.0,B
44,True,A,1.0,A
45,True,B,1.0,B
46,True,D,1.0,D
47,True,C,1.0,C
48,True,B,1.0,B
49,False,A,1.0,D
50,True,A,1.0,A
51,True,A,1.0,A
52,True,D,1.0,D
53,True,A,1.0,A
54,True,A,1.0,A
55,True,B,1.0,B
56,True,C,1.0,C
57,True,D,1.0,D
58,True,C,1.0,C
59,True,D,1.0,D
60,True,A,1.0,A
61,True,D,1.0,D
62,True,D,1.0,D
63,True,B,1.0,B
64,True,B,1.0,B
65,True,B,1.0,B
66,True,B,1.0,B
67,True,D,1.0,D
68,True,D,1.0,D
69,True,B,1.0,B
70,True,C,1.0,C
71,True,B,1.0,B
72,True,A,1.0,A
73,True,D,1.0,D
74,True,D,1.0,D
75,True,D,1.0,D
76,True,A,1.0,A
77,True,B,1.0,B
78,True,B,1.0,B
79,True,D,1.0,D
80,True,B,1.0,B
81,True,D,1.0,D
82,True,B,1.0,B
83,True,A,1.0,A
84,True,C,1.0,C
85,True,D,1.0,D
86,True,A,1.0,A
87,True,A,1.0,A
88,False,C,1.0,B
89,True,B,1.0,B
90,False,B,1.0,C
91,True,C,1.0,C
92,True,B,1.0,B
93,True,D,1.0,D
94,True,D,1.0,D
95,True,C,1.0,C
96,True,C,1.0,C
97,True,B,1.0,B
98,False,D,1.0,C
99,True,A,1.0,A
100,True,D,1.0,D
101,True,C,1.0,C
102,True,A,1.0,A
103,True,C,1.0,C
104,True,C,1.0,C
105,True,D,1.0,D
106,True,D,0.64,D
107,True,D,1.0,D
108,True,C,1.0,C
109,True,C,1.0,C
110,True,D,1.0,D
111,False,C,1.0,D
112,True,D,1.0,D
113,True,B,1.0,B
114,True,C,1.0,C
115,True,B,1.0,B
116,True,A,1.0,A
117,True,C,1.0,C
118,True,D,1.0,D
119,True,B,1.0,B
120,True,D,1.0,D
121,True,C,1.0,C
122,True,C,1.0,C
123,True,A,1.0,A
124,True,C,1.0,C
125,False,B,1.0,D
126,False,B,1.0,D
127,True,A,1.0,A
128,True,B,1.0,B
129,True,D,1.0,D
130,True,A,1.0,A
131,True,D,1.0,D
132,True,A,1.0,A
133,True,D,1.0,D
134,True,D,1.0,D
135,True,C,1.0,C
136,True,B,1.0,B
137,True,D,1.0,D
138,True,B,1.0,B
139,False,B,1.0,C
140,True,B,1.0,B
141,True,B,1.0,B
142,True,B,1.0,B
143,True,D,1.0,D
144,True,A,1.0,A
145,True,C,1.0,C
146,True,D,1.0,D
147,True,C,1.0,C
148,False,D,1.0,C
149,False,D,1.0,C
150,True,A,1.0,A
151,True,B,1.0,B
152,True,B,1.0,B
153,False,B,1.0,D
154,True,C,1.0,C
155,True,C,1.0,C
156,True,C,1.0,C
157,True,C,1.0,C
158,True,A,1.0,A
159,True,B,1.0,B
160,True,A,1.0,A
161,True,D,1.0,D
162,True,B,1.0,B
163,True,D,1.0,D
164,True,D,1.0,D
165,True,B,1.0,B
166,False,B,1.0,D
167,True,C,1.0,C
168,True,C,1.0,C
169,True,D,1.0,D
170,True,C,1.0,C
171,True,C,1.0,C
172,True,D,1.0,D
173,False,D,0.0,C
174,True,C,1.0,C
175,True,D,1.0,D
176,True,D,1.0,D
177,True,A,1.0,A
178,True,C,1.0,C
179,True,B,1.0,B
180,True,C,1.0,C
181,True,D,1.0,D
182,True,B,1.0,B
183,True,B,1.0,B
184,True,D,1.0,D
185,True,C,1.0,C
186,True,B,1.0,B
187,True,C,1.0,C
188,True,B,1.0,B
189,True,B,1.0,B
190,True,A,1.0,A
191,True,C,1.0,C
192,True,D,1.0,D
193,True,B,1.0,B
194,True,D,1.0,D
195,True,D,1.0,D
196,True,A,1.0,A
197,True,D,1.0,D
198,False,C,1.0,D
199,True,C,1.0,C
200,True,D,1.0,D
201,True,C,1.0,C
202,True,D,1.0,D
203,True,A,1.0,A
204,True,C,1.0,C
205,True,A,1.0,A
206,True,D,1.0,D
207,False,N/A,1.0,B
208,True,C,1.0,C
209,True,C,1.0,C
210,True,B,1.0,B
211,True,C,1.0,C
212,True,D,1.0,D
213,True,A,1.0,A
214,True,C,1.0,C
215,True,A,1.0,A
216,True,C,1.0,C
217,True,C,1.0,C
218,True,B,1.0,B
219,False,C,1.0,D
220,True,C,1.0,C
221,True,A,1.0,A
222,True,B,1.0,B
223,True,D,1.0,D
224,True,A,1.0,A
225,True,A,1.0,A
226,False,C,1.0,A
227,True,D,1.0,D
228,True,B,1.0,B
229,True,B,1.0,B
230,True,D,1.0,D
231,True,B,1.0,B
232,True,B,1.0,B
233,True,D,1.0,D
234,True,C,1.0,C
235,True,D,1.0,D
236,False,D,1.0,C
237,True,A,1.0,A
238,True,A,1.0,A
239,True,B,1.0,B
240,True,D,1.0,D
241,True,A,1.0,A
242,True,C,1.0,C
243,True,D,1.0,D
244,True,D,1.0,D
245,True,D,1.0,D
246,True,B,1.0,B
247,False,B,1.0,C
248,True,B,1.0,B
249,True,B,1.0,B
250,True,D,1.0,D
251,True,A,1.0,A
252,True,D,1.0,D
253,True,A,1.0,A
254,True,B,1.0,B
255,True,C,1.0,C
256,True,D,1.0,D
257,True,B,1.0,B
258,True,D,1.0,D
259,False,D,1.0,C
260,False,D,1.0,B
261,False,C,1.0,D
262,True,B,1.0,B
263,True,D,1.0,D
264,False,C,1.0,B
265,True,B,1.0,B
266,False,D,1.0,C
267,True,B,1.0,B
268,True,D,1.0,D
269,True,D,1.0,D
270,True,A,1.0,A
271,True,B,1.0,B
272,True,B,1.0,B
273,False,B,1.0,D
274,True,B,1.0,B
275,True,A,1.0,A
276,True,C,1.0,C
277,True,B,1.0,B
278,False,A,0.6538461538461539,C
279,True,B,1.0,B
280,True,A,1.0,A
281,True,D,1.0,D
282,True,D,1.0,D
283,True,A,1.0,A
284,False,B,1.0,C
285,True,D,1.0,D
286,True,B,1.0,B
287,False,C,1.0,B
288,True,D,1.0,D
289,True,C,1.0,C
290,False,A,1.0,C
291,True,D,1.0,D
292,True,D,1.0,D
293,True,C,1.0,C
294,True,C,1.0,C
295,True,D,1.0,D
296,True,B,1.0,B
297,True,A,1.0,A
298,True,B,1.0,B
299,True,D,1.0,D
300,True,C,1.0,C
301,False,B,1.0,A
302,True,A,0.6923076923076923,A
303,True,D,1.0,D
304,True,B,1.0,B
305,True,B,1.0,B
306,True,D,1.0,D
307,True,C,1.0,C
308,True,B,1.0,B
309,True,C,1.0,C
