,trueorfalse,final_result,final_confidence,answer
0,True,B,1.0,B
1,False,C,0.6538461538461539,A
2,True,D,1.0,D
3,True,B,1.0,B
4,False,A,1.0,C
5,True,C,1.0,C
6,True,B,1.0,B
7,True,B,1.0,B
8,False,B,1.0,C
9,False,D,1.0,C
10,True,C,1.0,C
11,True,C,1.0,C
12,False,D,1.0,B
13,True,A,1.0,A
14,False,A,0.6923076923076923,D
15,True,D,0.6666666666666666,D
16,False,B,1.0,A
17,False,C,1.0,B
18,False,B,1.0,D
19,True,C,1.0,C
20,False,B,1.0,C
21,True,B,1.0,B
22,False,B,1.0,D
23,False,A,1.0,B
24,False,A,0.6666666666666666,C
25,True,B,1.0,B
26,False,B,1.0,C
27,True,C,1.0,C
28,False,B,1.0,C
29,True,B,1.0,B
30,True,A,1.0,A
31,True,B,0.6666666666666666,B
32,False,B,0.7272727272727273,D
33,True,B,1.0,B
34,True,D,1.0,D
35,True,B,0.6666666666666666,B
36,True,C,0.6521739130434783,C
37,True,B,1.0,B
38,False,B,1.0,D
39,True,D,1.0,D
40,True,C,1.0,C
41,True,B,1.0,B
42,False,A,1.0,D
43,False,B,1.0,A
44,True,C,1.0,C
45,True,C,1.0,C
46,True,D,1.0,D
47,True,B,1.0,B
48,True,B,1.0,B
49,True,D,1.0,D
50,True,C,1.0,C
51,False,D,1.0,B
52,True,D,1.0,D
53,True,D,1.0,D
54,True,C,1.0,C
55,False,C,1.0,D
56,True,B,1.0,B
57,True,C,1.0,C
58,True,C,1.0,C
59,True,A,1.0,A
60,True,B,1.0,B
61,False,A,0.6666666666666666,C
62,True,C,1.0,C
63,False,C,1.0,A
64,False,C,1.0,D
65,True,C,1.0,C
66,False,D,1.0,C
67,False,C,1.0,A
68,True,C,1.0,C
69,True,D,1.0,D
70,True,C,1.0,C
71,True,D,1.0,D
72,True,A,1.0,A
73,True,C,1.0,C
74,True,B,1.0,B
75,True,A,1.0,A
76,False,D,0.68,B
77,False,A,1.0,B
78,True,D,1.0,D
79,True,C,1.0,C
80,True,D,1.0,D
81,True,D,1.0,D
82,True,C,1.0,C
83,False,C,1.0,A
84,True,D,1.0,D
85,True,A,1.0,A
86,False,D,0.38095238095238093,A
87,True,C,1.0,C
88,False,A,1.0,B
89,True,B,1.0,B
90,False,B,1.0,C
91,True,B,1.0,B
92,False,C,1.0,A
93,True,B,1.0,B
94,False,A,1.0,C
95,True,D,1.0,D
96,True,A,1.0,A
97,False,A,0.6666666666666666,C
98,False,C,1.0,A
99,True,C,1.0,C
100,False,A,1.0,C
101,True,B,1.0,B
102,True,D,1.0,D
103,False,A,0.6190476190476191,D
104,True,B,1.0,B
105,True,B,1.0,B
106,True,D,1.0,D
107,True,D,1.0,D
108,False,B,0.6666666666666666,A
109,True,B,1.0,B
110,False,B,0.6666666666666666,A
111,False,D,0.6363636363636364,C
112,True,D,1.0,D
113,False,C,1.0,A
114,False,A,0.0,D
115,True,C,1.0,C
116,True,D,1.0,D
117,False,B,1.0,D
118,True,B,1.0,B
119,True,D,1.0,D
120,False,A,0.6190476190476191,B
121,True,C,1.0,C
122,False,B,1.0,A
123,True,C,1.0,C
124,False,D,1.0,B
125,True,B,1.0,B
126,True,D,1.0,D
127,True,D,1.0,D
128,True,B,1.0,B
129,True,D,1.0,D
130,True,D,1.0,D
131,True,C,1.0,C
132,True,D,1.0,D
133,True,D,1.0,D
134,True,C,1.0,C
135,True,D,1.0,D
136,True,C,0.6666666666666666,C
137,True,A,1.0,A
138,True,B,1.0,B
139,False,A,1.0,C
140,True,C,1.0,C
141,True,B,1.0,B
142,True,B,1.0,B
143,True,D,1.0,D
144,True,B,1.0,B
145,False,D,1.0,C
146,True,B,0.6666666666666666,B
147,False,D,1.0,B
148,False,C,1.0,B
149,True,B,1.0,B
150,True,A,1.0,A
151,True,C,1.0,C
152,False,C,0.6666666666666666,D
153,True,C,1.0,C
154,True,C,0.6666666666666666,C
155,True,C,1.0,C
156,False,A,1.0,C
157,False,B,1.0,A
158,True,B,0.5294117647058824,B
159,False,A,0.6666666666666666,C
160,True,B,1.0,B
161,True,C,1.0,C
162,True,D,0.6428571428571429,D
163,False,C,0.6530612244897959,D
164,True,B,1.0,B
165,False,B,1.0,C
166,True,D,1.0,D
167,False,C,1.0,B
168,True,C,1.0,C
169,False,A,1.0,D
170,True,B,1.0,B
171,True,A,1.0,A
172,True,A,1.0,A
173,True,B,1.0,B
174,True,D,0.7272727272727273,D
175,False,C,1.0,A
176,True,A,1.0,A
177,True,C,1.0,C
178,False,C,1.0,A
179,True,D,1.0,D
180,True,D,1.0,D
181,True,B,1.0,B
182,True,C,1.0,C
183,True,B,1.0,B
184,True,A,1.0,A
185,False,B,0.6666666666666666,A
186,True,D,1.0,D
187,False,B,0.68,D
188,False,B,1.0,D
189,True,B,1.0,B
190,True,D,1.0,D
191,False,B,0.36,C
192,True,C,1.0,C
193,True,D,1.0,D
194,True,D,1.0,D
195,False,B,1.0,C
196,True,D,1.0,D
197,True,D,1.0,D
198,True,B,1.0,B
199,True,D,1.0,D
