,trueorfalse,final_result,final_confidence,answer
0,True,D,1.0,D
1,True,C,1.0,C
2,False,C,1.0,D
3,False,B,0.6785714285714286,A
4,True,C,1.0,C
5,False,C,1.0,D
6,False,A,1.0,B
7,True,D,1.0,D
8,True,D,1.0,D
9,True,D,1.0,D
10,True,D,1.0,D
11,True,D,1.0,D
12,True,A,1.0,A
13,True,B,1.0,B
14,True,C,1.0,C
15,False,B,1.0,D
16,False,C,1.0,A
17,True,A,0.6666666666666666,A
18,True,D,1.0,D
19,False,B,1.0,D
20,True,B,0.6666666666666666,B
21,False,D,1.0,B
22,True,D,1.0,D
23,True,C,1.0,C
24,False,B,1.0,A
25,True,B,1.0,B
26,True,A,1.0,A
27,True,C,1.0,C
28,False,A,0.6363636363636364,B
29,True,D,1.0,D
30,True,A,1.0,A
31,True,A,1.0,A
32,True,C,1.0,C
33,True,A,1.0,A
34,True,A,1.0,A
35,True,C,1.0,C
36,True,B,1.0,B
37,True,C,0.6862745098039216,C
38,False,D,0.64,C
39,False,B,1.0,A
40,True,D,1.0,D
41,True,A,1.0,A
42,False,C,1.0,D
43,True,B,1.0,B
44,True,B,1.0,B
45,False,C,1.0,D
46,True,C,1.0,C
47,False,D,0.6666666666666666,B
48,True,D,1.0,D
49,False,B,1.0,A
50,False,A,0.6666666666666666,C
51,False,C,0.6521739130434783,D
52,False,A,1.0,D
53,False,D,1.0,C
54,True,A,1.0,A
55,True,C,1.0,C
56,False,D,1.0,C
57,True,B,1.0,B
58,False,D,1.0,C
59,True,C,1.0,C
60,False,B,1.0,A
61,False,B,1.0,C
62,True,B,1.0,B
63,True,D,0.6666666666666666,D
64,True,D,1.0,D
65,False,B,1.0,C
66,False,D,1.0,A
67,True,A,1.0,A
68,True,B,1.0,B
69,True,B,1.0,B
70,True,C,1.0,C
71,False,B,1.0,D
72,False,C,1.0,A
73,True,C,1.0,C
74,True,C,1.0,C
75,True,C,0.6666666666666666,C
76,True,C,1.0,C
77,True,B,1.0,B
78,True,A,1.0,A
79,False,B,0.6530612244897959,A
80,False,C,1.0,B
81,False,C,1.0,D
82,True,D,1.0,D
83,False,B,1.0,D
84,False,B,0.6666666666666666,D
85,True,C,1.0,C
86,True,C,0.6666666666666666,C
87,True,D,1.0,D
88,True,D,1.0,D
89,True,C,1.0,C
90,False,D,1.0,C
91,True,A,1.0,A
92,True,D,1.0,D
93,True,C,1.0,C
94,True,B,0.6981132075471698,B
95,True,C,1.0,C
96,False,B,0.6153846153846154,D
97,True,B,1.0,B
98,True,D,1.0,D
99,True,D,1.0,D
100,False,A,1.0,B
101,False,C,1.0,D
102,True,D,1.0,D
103,True,D,1.0,D
104,True,D,0.6538461538461539,D
105,False,B,1.0,A
106,True,B,1.0,B
107,True,A,1.0,A
108,True,C,1.0,C
109,False,C,1.0,B
110,False,B,1.0,D
111,True,A,1.0,A
112,True,B,1.0,B
113,True,C,1.0,C
114,False,A,1.0,D
115,True,B,1.0,B
116,True,B,1.0,B
117,True,C,1.0,C
118,True,C,1.0,C
119,False,C,1.0,D
120,False,C,1.0,A
121,False,B,1.0,D
122,False,A,1.0,C
123,False,C,1.0,D
124,True,C,1.0,C
125,False,A,1.0,D
126,False,B,1.0,A
127,True,D,1.0,D
128,True,B,1.0,B
129,True,D,1.0,D
130,False,A,1.0,C
131,False,A,1.0,D
132,True,C,1.0,C
133,False,C,0.6521739130434783,B
134,True,D,1.0,D
135,True,C,1.0,C
136,True,C,1.0,C
137,True,D,1.0,D
138,False,D,1.0,A
139,True,B,1.0,B
140,True,D,0.660377358490566,D
141,True,A,1.0,A
142,True,A,1.0,A
143,True,B,1.0,B
144,False,D,1.0,A
145,False,A,1.0,D
146,False,A,1.0,C
147,False,B,0.5384615384615384,C
148,False,A,1.0,B
149,True,D,1.0,D
