question,A,B,C,D,answer
"The quantum efficiency of a photon detector is 0.1. If 100 photons are sent into the detector, one after the other, the detector will detect photons","an average of 10 times, with an rms deviation of about 4","an average of 10 times, with an rms deviation of about 3","an average of 10 times, with an rms deviation of about 1","an average of 10 times, with an rms deviation of about 0.1",B
"Under certain conditions, a beam of electrons impinging on a crystal surface will diffract and a scattering pattern of the beam can be obtained. What is the approximate kinetic energy of the electrons needed in order to see the pattern? (Assume the lattice spacing of the crystal to be 0.4 nm.)",0.1 eV,1 eV,10 eV,100 eV,C
"A uniform solid disk starts from rest and rolls down an inclined plane without slipping. After some time, what fraction of the disk’s total kinetic energy is rotational kinetic energy?",1/4,1/3,1/2,2/3,B
"By definition, the electric displacement current through a surface S is proportional to the",magnetic flux through S,rate of change of the magnetic flux through S,time integral of the magnetic flux through S,rate of change of the electric flux through S,D
"The driver of a police car hears an echo of the car’s siren from a wall toward which the car is moving with a speed of 3.5 m/s. If the speed of sound is 350 m/s and the frequency of the siren is 600 Hz, the driver hears the echo at a frequency nearest to which of the following?",588 Hz,594 Hz,600 Hz,612 Hz,D
"A particle decays in 2.0 ms in its rest frame. If the same particle moves at v=0.60c in the lab frame, how far will it travel in the lab before decaying?",150 m,288 m,360 m,450 m,D
A rod measures 1.00 m in its rest system. How fast must an observer move parallel to the rod to measure its length to be 0.80 m?,0.50c,0.60c,0.70c,0.80c,B
"An organ pipe, closed at one end and open at the other, is designed to have a fundamental frequency of C (131 Hz). What is the frequency of the next higher harmonic for this pipe?",44 Hz,196 Hz,262 Hz,393 Hz,D
The rest mass of a particle with total energy 5.0 GeV and momentum 4.9 GeV/c is approximately,0.1 GeV/c^2,0.2 GeV/c^2,0.5 GeV/c^2,1.0 GeV/c^2,D
"If the total energy of a particle of mass m is equal to twice its rest energy, then the magnitude of the particle’s relativistic momentum is",mc/2,mc/(2^(1/2)),mc,(3^(1/2))mc,D
Which of the following lasers utilizes transitions that involve the energy levels of free atoms?,Diode laser,Dye laser,Free-electron laser,Gas laser,D
"Two identical satellites, A and B, are in circular orbits around Earth. The orbital radius of A is twice that of B. Which of the following gives the ratio of the angular momentum of A to the angular momentum of B?",4,2,sqrt(2),1/sqrt(2),C
Excited states of the helium atom can be characterized as para- (antiparallel electron spins) and ortho- (parallel electron spins). The observation that an ortho- state has lower energy than the corresponding para- state can be understood in terms of which of the following?,The Heisenberg uncertainty principle,The Pauli exclusion principle,The Bohr model of the atom,Nuclear hyperfine coupling,B
"By definition, the electric displacement current through a surface S is proportional to the",rate of change of the electric flux through S,electric flux through S,time integral of the magnetic flux through S,rate of change of the magnetic flux through S,A
"A 10 kg box slides horizontally without friction at a speed of 1 m/s. At one point, a constant force is applied to the box in the direction of its motion. The box travels 5 m with the constant force applied. The force is then removed, leaving the box with a speed of 2 m/s. Which of the following gives the magnitude of the applied force?",1 N,2 N,3 N,4 N,C
"A magnetic field is directed perpendicular to the plane of a circular coil of area 0.2 m^2 and 250 turns. If the magnetic field is increased from 0.01 T to 0.06 T during a time interval of 0.25 s, the average induced EMF in the coil is",0.04 V,0.1 V,2.5 V,10 V,D
A spring of force constant k is stretched a certain distance. It takes twice as much work to stretch a second spring by half this distance. The force constant of the second spring is,k,2k,4k,8k,D
Light of variable frequency shines on the metal surface of a photoelectric tube. Einstein’s theory of the photoelectric effect predicts that the,work function of the metal is proportional to the frequency,work function of the metal is proportional to the wavelength,current in the tube is a linear function of the wavelength,potential difference necessary to stop the emitted electrons is a linear function of the frequency above the threshold frequency,D
"If the Sun were suddenly replaced by a black hole of the same mass, it would have a Schwarzschild radius of 3,000 m. What effect, if any, would this change have on the orbits of the planets?",The planets would move directly toward the Sun.,The planets would move in spiral orbits.,The planets would oscillate about their former elliptical orbits.,The orbits would remain unchanged.,D
"A resistor in a circuit dissipates energy at a rate of 1 W. If the voltage across the resistor is doubled, what will be the new rate of energy dissipation?",0.25 W,0.5 W,1 W,4 W,D
A tube of water is traveling at 1/2 c relative to the lab frame when a beam of light traveling in the same direction as the tube enters it. What is the speed of light in the water relative to the lab frame? (The index of refraction of water is 4/3.),1/2 c,2/3 c,5/6 c,10/11 c,D
"A student makes 10 one-second measurements of the disintegration of a sample of a long-lived radioactive isotope and obtains the following values: 3, 0, 2, 1, 2, 4, 0, 1, 2, 5. How long should the student count to establish the rate to an uncertainty of 1 percent?",80 s,160 s,"2,000 s","5,000 s",D
The speed of light inside of a nonmagnetic dielectric material with a dielectric constant of 4.0 is,1.2 x 10^9 m/s,3.0 x 10^8 m/s,1.5 x 10^8 m/s,1.0 x 10^8 m/s,C
"An observer O at rest midway between two sources of light at x = 0 and x = 10 m observes the two sources to flash simultaneously. According to a second observer O', moving at a constant speed parallel to the x-axis, one source of light flashes 13 ns before the other. Which of the following gives the speed of O' relative to O?",0.13c,0.15c,0.36c,0.53c,C
"The driver of a police car hears an echo of the car’s siren from a wall toward which the car is moving with a speed of 3.5 m/s. If the speed of sound is 350 m/s and the frequency of the siren is 600 Hz, the driver hears the echo at a frequency nearest to which of the following?",600 Hz,606 Hz,612 Hz,618 Hz,C
"Protons used in cancer therapy are typically accelerated to about 0.6c. How much work must be done on a particle of mass m in order for it to reach this speed, assuming it starts at rest?",0.25mc^2,0.60mc^2,0.67mc^2,1.25mc^2,A
A rod measures 1.00 m in its rest system. How fast must an observer move parallel to the rod to measure its length to be 0.80 m?,0.50c,0.60c,0.70c,0.80c,B
"Under certain conditions, a beam of electrons impinging on a crystal surface will diffract and a scattering pattern of the beam can be obtained. What is the approximate kinetic energy of the electrons needed in order to see the pattern? (Assume the lattice spacing of the crystal to be 0.4 nm.)",0.1 eV,1 eV,10 eV,100 eV,C
"Protons used in cancer therapy are typically accelerated to about 0.6c . How much work must be done on a particle of mass m in order for it to reach this speed, assuming it starts at rest?",0.25mc^2,0.60mc^2,0.67mc^2,1.25mc^2,A
"The suspension cable of a 1,000 kg elevator snaps, sending the elevator moving downward through its shaft. The emergency brakes of the elevator stop the elevator shortly before it reaches the bottom of the shaft. If the elevator fell a distance of 100 m starting from rest, the heat that the brakes must dissipate to bring the elevator safely to rest is","10,000 J","100,000 J","1,000,000 J","10,000,000 J",C
"Two simple pendulums A and B consist of identical masses suspended from strings of length L_A and L_B, respectively. The two pendulums oscillate in equal gravitational fields. If the period of pendulum B is twice the period of pendulum A, which of the following is true of the lengths of the two pendulums?",L_B = 4L_A,L_B = 2L_A,L_B = L_A,L_B = 1/2 L_A,A
"Two spaceships approach Earth with equal speeds, as measured by an observer on Earth, but from opposite directions. A meterstick on one spaceship is measured to be 60 cm long by an occupant of the other spaceship. What is the speed of each spaceship, as measured by the observer on Earth?",0.4c,0.5c,0.6c,0.7c,B
"Blue light of wavelength 480 nanometers is most strongly reflected off a thin film of oil on a glass slide when viewed near normal incidence. Assuming that the index of refraction of the oil is 1.2 and that of the glass is 1.6, what is the minimum thickness of the oil film (other than zero) ?",150 nm,200 nm,300 nm,400 nm,B
"The quantum efficiency of a photon detector is 0.1. If 100 photons are sent into the detector, one after the other, the detector will detect photons",exactly 10 times,"an average of 10 times, with an rms deviation of about 0.1","an average of 10 times, with an rms deviation of about 1","an average of 10 times, with an rms deviation of about 3",D
An atom has filled n = 1 and n = 2 levels. How many electrons does the atom have?,2,4,6,10,D
Which of the following statements about bosons and/or fermions is true?,Bosons have symmetric wave functions and obey the Pauli exclusion principle.,Bosons have antisymmetric wave functions and do not obey the Pauli exclusion principle.,Fermions have symmetric wave functions and obey the Pauli exclusion principle.,Fermions have antisymmetric wave functions and obey the Pauli exclusion principle.,D
The sign of the charge carriers in a doped semiconductor can be deduced by measuring which of the following properties?,Specific heat,Thermal conductivity,Electrical resistivity,Hall coefficient,D
The eigenvalues of a Hermitian operator are always,real,imaginary,degenerate,linear,A
Sound waves moving at 350 m/s diffract out of a speaker enclosure with an opening that is a long rectangular slit 0.14 m across. At about what frequency will the sound first disappear at an angle of 45q from the normal to the speaker face?,500 Hz,"1,750 Hz","2,750 Hz","3,500 Hz",D
"According to the BCS theory, the attraction between Cooper pairs in a superconductor is due to",the weak nuclear force,the strong nuclear force,vacuum polarization,interactions with the ionic lattice,D
"A gas cell with an optical path length of 10 cm is placed in one arm of a Michelson interferometer. If the light source for the interferometer is a laser with wavelength 632.2 nm, then 100 fringes are counted as the gas cell is evacuated. What is the index of refraction of the original gas?",1.00063,1.00032,1.00016,0.99968,B
The best type of laser with which to do spectroscopy over a range of visible wavelengths is,a dye laser,a helium-neon laser,an excimer laser,a ruby laser,A
"A grating spectrometer can just barely resolve two wavelengths of 500 nm and 502 nm, respectively. Which of the following gives the resolving power of the spectrometer?",2,250,"5,000","10,000",B
"The hydrogen lines observed in the spectrum of the quasar 3C9 are shifted so far into the red that their wavelengths are three times as long as those observed in the light from hydrogen atoms at rest in a laboratory on Earth. If it is assumed that the shift is entirely due to the relative motion of 3C9 and Earth, the relative speed of the quasar is",2c,c,0.8c,0.5c,C
A three-dimensional harmonic oscillator is in thermal equilibrium with a temperature reservoir at temperature T. The average total energy of the oscillator is,(1/2) k T,kT,(3/2) k T,3kT,D
"Assume that the solar flux at Earth’s surface is 1,000 W/m^2 and that the sunlight is normal to a completely reflecting surface with an area of 3 m^2. What is the total radiation force exerted on the surface?",2 x 10^-6 N,1 x 10^-5 N,2 x 10^-5 N,3 N,C
"An airplane drops a payload while traveling due north, parallel to the ground, at a constant speed of 100 m/s. If air resistance is neglected, what is the velocity of the payload relative to the plane 4.0 s after it is released?",0,40 m/s down,80 m/s down,100 m/s north and 40 m/s down,B
A single-electron atom has the electron in the l = 2 state. The number of allowed values of the quantum number m_l is,1,2,3,5,D
"Consider an electron in the n = 4, l = 1 state in hydrogen. Which of the following final states can NOT be reached by an allowed transition?","n = 3, l = 2","n = 3, l = 1","n = 3, l = 0","n = 2, l = 0",B
The sign of the charge carriers in a doped semiconductor can be deduced by measuring which of the following properties?,Magnetic susceptibility,Hall coefficient,Electrical resistivity,Thermal conductivity,B
"A magnetic field is directed perpendicular to the plane of a circular coil of area 0.2 m^2 and 250 turns. If the magnetic field is increased from 0.01 T to 0.06 T during a time interval of 0.25 s, the average induced EMF in the coil is",0.04 V,0.1 V,2.5 V,10 V,D
"A heat pump is to extract heat from an outdoor environment at 7°C and heat the environment indoors to 27°C. For each 15,000 J of heat delivered indoors, the smallest amount of work that must be supplied to the heat pump is approximately",500 J,"1,000 J","1,100 J","2,000 J",B
"The negative muon, mu^-, has properties most similar to which of the following?",Electron,Meson,Photon,Boson,A
"In a nonrelativistic, one-dimensional collision, a particle of mass 2m collides with a particle of mass m at rest. If the particles stick together after the collision, what fraction of the initial kinetic energy is lost in the collision?",0,1/4,1/3,1/2,C
"Positronium is an atom formed by an electron and a positron (antielectron). It is similar to the hydrogen atom, with the positron replacing the proton. If a positronium atom makes a transition from the state with n=3 to a state with n=1, the energy of the photon emitted in this transition is closest to",6.0 e,6.8 eV,12.2 eV,13.6 eV,A
Unpolarized light is incident on a pair of ideal linear polarizers whose transmission axes make an angle of 45q with each other. The transmitted light intensity through both polarizers is what percentage of the incident intensity?,100%,75%,50%,25%,D
"Characteristic X rays, appearing as sharp lines on a continuous background, are produced when high-energy electrons bombard a metal target. Which of the following processes results in the characteristic X rays?",Electrons producing Čerenkov radiation,Electrons colliding with phonons in the metal,Electrons filling inner shell vacancies that are created in the metal atoms,Electrons combining with protons to form neutrons,C
"In the diamond structure of elemental carbon, the nearest neighbors of each C atom lie at the corners of a",square,hexagon,cube,tetrahedron,D
"A uniform solid disk starts from rest and rolls down an inclined plane without slipping. After some time, what fraction of the disk’s total kinetic energy is rotational kinetic energy?",1/4,1/3,1/2,2/3,B
"A 10 kg box slides horizontally without friction at a speed of 1 m/s. At one point, a constant force is applied to the box in the direction of its motion. The box travels 5 m with the constant force applied. The force is then removed, leaving the box with a speed of 2 m/s. Which of the following gives the magnitude of the applied force?",1 N,2 N,3 N,4 N,C
Which of the following ions CANNOT be used as a dopant in germanium to make an n-type semiconductor?,As,P,Sb,B,D
"A net force F_A acts on object A, and a net force F_B acts on object B. The mass of object B is twice the mass of object A, and the acceleration of object B is twice that of object A. Which of the following is true of forces F_A and F_B?",F_B = 1/4 F_A,F_B = 1/2 F_A,F_B = 2F_A,F_B = 4F_A,D
"A meter stick with a speed of 0.8c moves past an observer. In the observer’s reference frame, how long does it take the stick to pass the observer ?",1.6 ns,2.5 ns,4.2 ns,6.9 ns,B
The primary source of the Sun’s energy is a series of thermonuclear reactions in which the energy produced is c^2 times the mass difference between,two hydrogen atoms and one helium atom,four hydrogen atoms and one helium atom,six hydrogen atoms and two helium atoms,three helium atoms and one carbon atom,B
"The energy required to remove both electrons from the helium atom in its ground state is 79.0 eV. How much energy is required to ionize helium (i.e., to remove one electron)?",24.6 eV,39.5 eV,51.8 eV,54.4 eV,A
"One end of a horizontal, massless spring is attached to a wall. A mass of 0.30 kg is attached to the other end of the spring and rests on a table. The mass is displaced 0.030 m from its equilibrium position and released. It has a speed of 0.040 m/s as it passes through its equilibrium position. In the absence of friction, what is the total mechanical energy of the system?",0.24 mJ,0.38 mJ,0.48 mJ,0.75 mJ,A
Electromagnetic radiation provides a means to probe aspects of the physical universe. Which of the following statements regarding radiation spectra is NOT correct?,"Lines in the infrared, visible, and ultraviolet regions of the spectrum reveal primarily the nuclear structure of the sample.",The wavelengths identified in an absorption spectrum of an element are among those in its emission spectrum.,Absorption spectra can be used to determine which elements are present in distant stars.,Spectral analysis can be used to identify the composition of galactic dust.,A
"Consider three identical, ideal capacitors. The first capacitor is charged to a voltage and then disconnected from the battery. The other two capacitors, initially uncharged and connected in series, are then connected across the first capacitor. What is the final voltage on the first capacitor?",V_0/5,V_0/3,V_0/2,2V_0/3,D
"A nonrelativistic particle with a charge twice that of an electron moves through a uniform magnetic field. The field has a strength of π/4 tesla and is perpendicular to the velocity of the particle. What is the particle’s mass if it has a cyclotron frequency of 1,600 hertz?",2.5 * 10^-23 kg,1.2 * 10^-22 kg,3.3 * 10^-22 kg,5.0 * 10^-21 kg,A
"The surface of the Sun has a temperature close to 6,000 K and it emits a blackbody (Planck) spectrum that reaches a maximum near 500 nm. For a body with a surface temperature close to 300 K, at what wavelength would the thermal spectrum reach a maximum?",10:00 PM,100 Pm,10 mm,100 mm,A
Electromagnetic radiation emitted from a nucleus is most likely to be in the form of,gamma rays,microwaves,ultraviolet radiation,visible light,A
"An object is thrown horizontally from the open window of a building. If the initial speed of the object is 20 m/s and it hits the ground 2.0 s later, from what height was it thrown? (Neglect air resistance and assume the ground is level.)",4.9 m,9.8 m,10.0 m,19.6 m,D
"The energy from electromagnetic waves in equilibrium in a cavity is used to melt ice. If the Kelvin temperature of the cavity is increased by a factor of two, the mass of ice that can be melted in a fixed amount of time is increased by a factor of",2,4,8,16,D
Excited states of the helium atom can be characterized as para- (antiparallel electron spins) and ortho- (parallel electron spins). The observation that an ortho- state has lower energy than the corresponding para- state can be understood in terms of which of the following?,The Heisenberg uncertainty principle,The Pauli exclusion principle,The Bohr model of the atom,Nuclear hyperfine coupling,B
"The emission spectrum of the doubly ionized lithium atom Li++ (Z = 3, A = 7) is identical to that of a hydrogen atom in which all the wavelengths are",decreased by a factor of 9,decreased by a factor of 49,decreased by a factor of 81,increased by a factor of 9,A
Light of variable frequency shines on the metal surface of a photoelectric tube. Einstein’s theory of the photoelectric effect predicts that the,work function of the metal is proportional to the frequency,work function of the metal is proportional to the wavelength,current in the tube is a linear function of the wavelength,potential difference necessary to stop the emitted electrons is a linear function of the frequency above the threshold frequency,D
"White light is normally incident on a puddle of water (index of refraction 1.33). A thin (500 nm) layer of oil (index of refraction 1.5) floats on the surface of the puddle. Of the following, the most strongly reflected wavelength is",500 nm,550 nm,600 nm,650 nm,C
A single-electron atom has the electron in the l = 2 state. The number of allowed values of the quantum number m_l is,5,4,3,2,A
Which of the following gives the total spin quantum number of the electrons in the ground state of neutral nitrogen (Z = 7)?,1/2,1,3/2,5/2,C
A satellite of mass m orbits a planet of mass M in a circular orbit of radius R. The time required for one revolution is,independent of M,proportional to m^(1/2),linear in R,proportional to R^(3/2),D
The best type of laser with which to do spectroscopy over a range of visible wavelengths is,a dye laser,a helium-neon laser,an excimer laser,a ruby laser,A
"Light from a laser falls on a pair of very narrow slits separated by 0.5 micrometer, and bright fringes separated by 1.0 millimeter are observed on a distant screen. If the frequency of the laser light is doubled, what will be the separation of the bright fringes?",0.25 mm,0.5 mm,1.0 mm,2.0 mm,B
The speed of light inside of a nonmagnetic dielectric material with a dielectric constant of 4.0 is,1.2 * 10^9 m/s,3.0 * 10^8 m/s,1.5 * 10^8 m/s,1.0 * 10^8 m/s,C
An astronomer observes a very small moon orbiting a planet and measures the moon’s minimum and maximum distances from the planet’s center and the moon’s maximum orbital speed. Which of the following CANNOT be calculated from these measurements?,Mass of the moon,Mass of the planet,Minimum speed of the moon,Period of the orbit,A
"A photon strikes an electron of mass m that is initially at rest, creating an electron-positron pair. The photon is destroyed and the positron and two electrons move off at equal speeds along the initial direction of the photon. The energy of the photon was",mc^2,2mc^2,3mc^2,4mc^2,D
"The suspension cable of a 1,000 kg elevator snaps, sending the elevator moving downward through its shaft. The emergency brakes of the elevator stop the elevator shortly before it reaches the bottom of the shaft. If the elevator fell a distance of 100 m starting from rest, the heat that the brakes must dissipate to bring the elevator safely to rest is",100 J,"1,000 J","10,000 J","1,000,000 J",D
"A proton moves in the +z-direction after being accelerated from rest through a potential difference V. The proton then passes through a region with a uniform electric field E in the +x-direction and a uniform magnetic field B in the +y-direction, but the proton’s trajectory is not affected. If the experiment were repeated using a potential difference of 2V, the proton would then be",deflected in the +x-direction,deflected in the -x-direction,deflected in the +y-direction,deflected in the -y-direction,B
The mean kinetic energy of the conduction electrons in metals is ordinarily much higher than kT because,electrons have many more degrees of freedom than atoms do,the electrons and the lattice are not in thermal equilibrium,the electrons form a degenerate Fermi gas,electrons in metals are highly relativistic,C
"White light is normally incident on a puddle of water (index of refraction 1.33). A thin (500 nm) layer of oil (index of refraction 1.5) floats on the surface of the puddle. Of the following, the most strongly reflected wavelength is",500 nm,550 nm,600 nm,650 nm,C
"The first five harmonics produced by an organ pipe open at both ends are 50 Hz, 100 Hz, 150 Hz, 200 Hz, and 250 Hz. Which of the harmonics, if any, will survive once the pipe is closed at one end?","50 Hz, 150 Hz, and 250 Hz only",100 Hz and 200 Hz only,150 Hz and 250 Hz only,None,D
"At 20°C, a pipe open at both ends resonates at a frequency of 440 hertz. At what frequency does the same pipe resonate on a particularly cold day when the speed of sound is 3 percent lower than it would be at 20°C ?",414 Hz,427 Hz,433 Hz,440 Hz,B
"The emission spectrum of the doubly ionized lithium atom Li++ (Z = 3, A = 7) is identical to that of a hydrogen atom in which all the wavelengths are",decreased by a factor of 9,decreased by a factor of 49,decreased by a factor of 81,increased by a factor of 9,A
"At the present time, the temperature of the universe (i.e., the microwave radiation background) is about 3 K. When the temperature was 12 K, typical objects in the universe, such as galaxies, were",one-quarter as distant as they are today,one-half as distant as they are today,separated by about the same distances as they are today,two times as distant as they are today,A
"Two students perform an experiment in which they drop a ball from rest from a known height above the ground and measure the speed of the ball just before it strikes the ground. From repeated measurement, the students estimate the uncertainty in the measured speed of the ball to be 10 percent. Which of the following gives the uncertainty in the kinetic energy of the ball? (Assume the uncertainty in the ball’s mass is negligibly small.)",5%,10%,15%,20%,D
"If the absolute temperature of a blackbody is increased by a factor of 3, the energy radiated per second per unit area does which of the following?",Decreases by a factor of 81.,Decreases by a factor of 9.,Increases by a factor of 9.,Increases by a factor of 81.,D
De Broglie hypothesized that the linear momentum and wavelength of a free massive particle are related by which of the following constants?,Planck’s constant,Boltzmann’s constant,The Rydberg constant,The speed of light,A
Which of the following is true about any system that undergoes a reversible thermodynamic process?,There are no changes in the internal energy of the system.,The temperature of the system remains constant during the process.,The entropy of the system and its environment remains unchanged.,The entropy of the system and its environment must increase.,C
The coefficient of static friction between a small coin and the surface of a turntable is 0.30. The turntable rotates at 33.3 revolutions per minute. What is the maximum distance from the center of the turntable at which the coin will not slide?,0.024 m,0.048 m,0.121 m,0.242 m,D
"A 3-microfarad capacitor is connected in series with a 6-microfarad capacitor. When a 300-volt potential difference is applied across this combination, the total energy stored in the two capacitors is",0.09 J,0.18 J,0.27 J,0.41 J,A
Which of the following is true about any system that undergoes a reversible thermodynamic process?,There are no changes in the internal energy of the system.,The temperature of the system remains constant during the process.,The entropy of the system and its environment remains unchanged.,The entropy of the system and its environment must increase.,C
"A particle is constrained to move in a circle with a 10-meter radius. At one instant, the particle’s speed is 10 meters per second and is increasing at a rate of 10 meters per second squared. The angle between the particle’s velocity and acceleration vectors is",0°,30°,45°,60°,C
"Under ideal conditions, the electric and magnetic fields inside a superconductor are zero. Maxwell’s equations imply that which of the following must be true just outside the surface of the superconductor?",B = 0,B is perpendicular to the surface.,B is tangential to the surface.,B is time independent.,C
