Directory,Filename,Subject,Gender,Age,Race,Average Estimate,Average Accuracy
/Users/dexter/PycharmProjects/pythonProject/llm_confidence/data/processed/gemma2-9b-it/demographic,college_chemistry_df_White_55+_non-binary individual.csv,chemistry,non-binary individual,55+,White,3.0,0.06000000000000001
/Users/dexter/PycharmProjects/pythonProject/llm_confidence/data/processed/gemma2-9b-it/demographic,college_chemistry_df_Black_25-39_Female.csv,chemistry,Female,25-39,Black,5.6,0.15
/Users/dexter/PycharmProjects/pythonProject/llm_confidence/data/processed/gemma2-9b-it/demographic,college_biology_df_Asian_55+_Female.csv,biology,Female,55+,Asian,6.642857142857143,0.12142857142857143
/Users/dexter/PycharmProjects/pythonProject/llm_confidence/data/processed/gemma2-9b-it/demographic,gpqa_biology_df_White_18-24_Female.csv,biology,Female,18-24,White,7.0,0.4142857142857142
/Users/dexter/PycharmProjects/pythonProject/llm_confidence/data/processed/gemma2-9b-it/demographic,college_biology_df_White_55+_Male.csv,biology,Male,55+,White,6.5,0.07857142857142858
/Users/dexter/PycharmProjects/pythonProject/llm_confidence/data/processed/gemma2-9b-it/demographic,high_school_chemistry_df_Hispanic_40-54_non-binary individual.csv,chemistry,non-binary individual,40-54,Hispanic,7.2,0.16999999999999998
/Users/dexter/PycharmProjects/pythonProject/llm_confidence/data/processed/gemma2-9b-it/demographic,high_school_biology_df_Black_55+_Female.csv,biology,Female,55+,Black,7.193548387096774,0.15161290322580645
/Users/dexter/PycharmProjects/pythonProject/llm_confidence/data/processed/gemma2-9b-it/demographic,college_biology_df_White_25-39_Male.csv,biology,Male,25-39,White,6.928571428571429,0.15714285714285717
/Users/dexter/PycharmProjects/pythonProject/llm_confidence/data/processed/gemma2-9b-it/demographic,gpqa_physics_df_Hispanic_18-24_Male.csv,physics,Male,18-24,Hispanic,4.444444444444445,0.3888888888888889
/Users/dexter/PycharmProjects/pythonProject/llm_confidence/data/processed/gemma2-9b-it/demographic,gpqa_biology_df_Hispanic_55+_Female.csv,biology,Female,55+,Hispanic,6.428571428571429,0.4142857142857143
/Users/dexter/PycharmProjects/pythonProject/llm_confidence/data/processed/gemma2-9b-it/demographic,college_chemistry_df_Hispanic_25-39_Female.csv,chemistry,Female,25-39,Hispanic,4.7,0.19
/Users/dexter/PycharmProjects/pythonProject/llm_confidence/data/processed/gemma2-9b-it/demographic,gpqa_chemistry_df_Black_55+_Male.csv,chemistry,Male,55+,Black,6.555555555555555,0.2833333333333334
/Users/dexter/PycharmProjects/pythonProject/llm_confidence/data/processed/gemma2-9b-it/demographic,high_school_biology_df_Hispanic_40-54_Male.csv,biology,Male,40-54,Hispanic,6.935483870967742,0.2064516129032258
/Users/dexter/PycharmProjects/pythonProject/llm_confidence/data/processed/gemma2-9b-it/demographic,gpqa_chemistry_df_Asian_18-24_Female.csv,chemistry,Female,18-24,Asian,6.833333333333333,0.3111111111111111
/Users/dexter/PycharmProjects/pythonProject/llm_confidence/data/processed/gemma2-9b-it/demographic,college_biology_df_Asian_25-39_Female.csv,biology,Female,25-39,Asian,7.214285714285714,0.17857142857142858
/Users/dexter/PycharmProjects/pythonProject/llm_confidence/data/processed/gemma2-9b-it/demographic,high_school_physics_df_White_18-24_Male.csv,physics,Male,18-24,White,6.666666666666667,0.2
/Users/dexter/PycharmProjects/pythonProject/llm_confidence/data/processed/gemma2-9b-it/demographic,high_school_biology_df_White_18-24_Female.csv,biology,Female,18-24,White,7.161290322580645,0.1548387096774194
/Users/dexter/PycharmProjects/pythonProject/llm_confidence/data/processed/gemma2-9b-it/demographic,gpqa_chemistry_df_Asian_55+_Male.csv,chemistry,Male,55+,Asian,6.777777777777778,0.30000000000000004
/Users/dexter/PycharmProjects/pythonProject/llm_confidence/data/processed/gemma2-9b-it/demographic,high_school_chemistry_df_Hispanic_25-39_non-binary individual.csv,chemistry,non-binary individual,25-39,Hispanic,7.25,0.15
/Users/dexter/PycharmProjects/pythonProject/llm_confidence/data/processed/gemma2-9b-it/demographic,college_biology_df_Black_40-54_non-binary individual.csv,biology,non-binary individual,40-54,Black,7.071428571428571,0.17857142857142858
/Users/dexter/PycharmProjects/pythonProject/llm_confidence/data/processed/gemma2-9b-it/demographic,gpqa_chemistry_df_Asian_40-54_Male.csv,chemistry,Male,40-54,Asian,7.111111111111111,0.2666666666666667
/Users/dexter/PycharmProjects/pythonProject/llm_confidence/data/processed/gemma2-9b-it/demographic,high_school_physics_df_White_18-24_Female.csv,physics,Female,18-24,White,5.933333333333334,0.21333333333333335
/Users/dexter/PycharmProjects/pythonProject/llm_confidence/data/processed/gemma2-9b-it/demographic,high_school_chemistry_df_Hispanic_55+_Male.csv,chemistry,Male,55+,Hispanic,5.7,0.13
/Users/dexter/PycharmProjects/pythonProject/llm_confidence/data/processed/gemma2-9b-it/demographic,college_chemistry_df_White_40-54_Female.csv,chemistry,Female,40-54,White,3.3,0.06999999999999999
/Users/dexter/PycharmProjects/pythonProject/llm_confidence/data/processed/gemma2-9b-it/demographic,gpqa_physics_df_Hispanic_40-54_non-binary individual.csv,physics,non-binary individual,40-54,Hispanic,6.333333333333333,0.31666666666666665
/Users/dexter/PycharmProjects/pythonProject/llm_confidence/data/processed/gemma2-9b-it/demographic,college_biology_df_White_55+_non-binary individual.csv,biology,non-binary individual,55+,White,5.571428571428571,0.17142857142857146
/Users/dexter/PycharmProjects/pythonProject/llm_confidence/data/processed/gemma2-9b-it/demographic,college_physics_df_Asian_55+_Female.csv,physics,Female,55+,Asian,4.2,0.13
/Users/dexter/PycharmProjects/pythonProject/llm_confidence/data/processed/gemma2-9b-it/demographic,college_physics_df_Asian_25-39_Female.csv,physics,Female,25-39,Asian,6.8,0.1
/Users/dexter/PycharmProjects/pythonProject/llm_confidence/data/processed/gemma2-9b-it/demographic,college_physics_df_Hispanic_55+_Male.csv,physics,Male,55+,Hispanic,3.6,0.2
/Users/dexter/PycharmProjects/pythonProject/llm_confidence/data/processed/gemma2-9b-it/demographic,college_physics_df_White_25-39_non-binary individual.csv,physics,non-binary individual,25-39,White,6.6,0.12
/Users/dexter/PycharmProjects/pythonProject/llm_confidence/data/processed/gemma2-9b-it/demographic,high_school_physics_df_Asian_40-54_non-binary individual.csv,physics,non-binary individual,40-54,Asian,7.0,0.16666666666666666
/Users/dexter/PycharmProjects/pythonProject/llm_confidence/data/processed/gemma2-9b-it/demographic,college_physics_df_Hispanic_40-54_Female.csv,physics,Female,40-54,Hispanic,4.8,0.16
/Users/dexter/PycharmProjects/pythonProject/llm_confidence/data/processed/gemma2-9b-it/demographic,gpqa_physics_df_Asian_25-39_non-binary individual.csv,physics,non-binary individual,25-39,Asian,7.055555555555555,0.35
/Users/dexter/PycharmProjects/pythonProject/llm_confidence/data/processed/gemma2-9b-it/demographic,gpqa_biology_df_Hispanic_18-24_Female.csv,biology,Female,18-24,Hispanic,7.0,0.39999999999999997
/Users/dexter/PycharmProjects/pythonProject/llm_confidence/data/processed/gemma2-9b-it/demographic,gpqa_physics_df_Black_55+_non-binary individual.csv,physics,non-binary individual,55+,Black,4.222222222222222,0.36111111111111105
/Users/dexter/PycharmProjects/pythonProject/llm_confidence/data/processed/gemma2-9b-it/demographic,college_physics_df_White_25-39_Male.csv,physics,Male,25-39,White,6.8,0.1
/Users/dexter/PycharmProjects/pythonProject/llm_confidence/data/processed/gemma2-9b-it/demographic,gpqa_chemistry_df_Hispanic_25-39_Male.csv,chemistry,Male,25-39,Hispanic,6.888888888888889,0.2611111111111111
/Users/dexter/PycharmProjects/pythonProject/llm_confidence/data/processed/gemma2-9b-it/demographic,high_school_physics_df_Black_55+_Female.csv,physics,Female,55+,Black,5.933333333333334,0.22666666666666666
/Users/dexter/PycharmProjects/pythonProject/llm_confidence/data/processed/gemma2-9b-it/demographic,college_chemistry_df_White_40-54_non-binary individual.csv,chemistry,non-binary individual,40-54,White,5.6,0.13999999999999999
/Users/dexter/PycharmProjects/pythonProject/llm_confidence/data/processed/gemma2-9b-it/demographic,high_school_physics_df_Black_55+_Male.csv,physics,Male,55+,Black,6.2,0.17333333333333334
/Users/dexter/PycharmProjects/pythonProject/llm_confidence/data/processed/gemma2-9b-it/demographic,gpqa_physics_df_Asian_40-54_non-binary individual.csv,physics,non-binary individual,40-54,Asian,6.944444444444445,0.3055555555555556
/Users/dexter/PycharmProjects/pythonProject/llm_confidence/data/processed/gemma2-9b-it/demographic,high_school_physics_df_Asian_25-39_non-binary individual.csv,physics,non-binary individual,25-39,Asian,7.2,0.18666666666666665
/Users/dexter/PycharmProjects/pythonProject/llm_confidence/data/processed/gemma2-9b-it/demographic,college_physics_df_White_40-54_non-binary individual.csv,physics,non-binary individual,40-54,White,6.4,0.2
/Users/dexter/PycharmProjects/pythonProject/llm_confidence/data/processed/gemma2-9b-it/demographic,high_school_physics_df_Black_55+_non-binary individual.csv,physics,non-binary individual,55+,Black,5.8,0.11999999999999998
/Users/dexter/PycharmProjects/pythonProject/llm_confidence/data/processed/gemma2-9b-it/demographic,college_chemistry_df_White_25-39_non-binary individual.csv,chemistry,non-binary individual,25-39,White,6.4,0.1
/Users/dexter/PycharmProjects/pythonProject/llm_confidence/data/processed/gemma2-9b-it/demographic,college_physics_df_Hispanic_25-39_Male.csv,physics,Male,25-39,Hispanic,6.6,0.13999999999999999
/Users/dexter/PycharmProjects/pythonProject/llm_confidence/data/processed/gemma2-9b-it/demographic,high_school_chemistry_df_White_18-24_non-binary individual.csv,chemistry,non-binary individual,18-24,White,7.05,0.16499999999999998
/Users/dexter/PycharmProjects/pythonProject/llm_confidence/data/processed/gemma2-9b-it/demographic,gpqa_physics_df_Hispanic_25-39_non-binary individual.csv,physics,non-binary individual,25-39,Hispanic,6.888888888888889,0.31666666666666665
/Users/dexter/PycharmProjects/pythonProject/llm_confidence/data/processed/gemma2-9b-it/demographic,high_school_chemistry_df_Asian_40-54_Male.csv,chemistry,Male,40-54,Asian,7.25,0.2
/Users/dexter/PycharmProjects/pythonProject/llm_confidence/data/processed/gemma2-9b-it/demographic,gpqa_physics_df_White_18-24_Female.csv,physics,Female,18-24,White,3.1666666666666665,0.3777777777777778
/Users/dexter/PycharmProjects/pythonProject/llm_confidence/data/processed/gemma2-9b-it/demographic,high_school_biology_df_White_18-24_Male.csv,biology,Male,18-24,White,7.129032258064516,0.17096774193548386
/Users/dexter/PycharmProjects/pythonProject/llm_confidence/data/processed/gemma2-9b-it/demographic,college_biology_df_Black_25-39_non-binary individual.csv,biology,non-binary individual,25-39,Black,7.214285714285714,0.20714285714285713
/Users/dexter/PycharmProjects/pythonProject/llm_confidence/data/processed/gemma2-9b-it/demographic,high_school_physics_df_Asian_55+_Male.csv,physics,Male,55+,Asian,6.933333333333334,0.2533333333333333
/Users/dexter/PycharmProjects/pythonProject/llm_confidence/data/processed/gemma2-9b-it/demographic,high_school_chemistry_df_Hispanic_18-24_Male.csv,chemistry,Male,18-24,Hispanic,6.5,0.185
/Users/dexter/PycharmProjects/pythonProject/llm_confidence/data/processed/gemma2-9b-it/demographic,high_school_chemistry_df_Black_25-39_Male.csv,chemistry,Male,25-39,Black,6.85,0.185
/Users/dexter/PycharmProjects/pythonProject/llm_confidence/data/processed/gemma2-9b-it/demographic,gpqa_chemistry_df_Hispanic_18-24_non-binary individual.csv,chemistry,non-binary individual,18-24,Hispanic,6.833333333333333,0.29444444444444445
/Users/dexter/PycharmProjects/pythonProject/llm_confidence/data/processed/gemma2-9b-it/demographic,gpqa_chemistry_df_White_18-24_non-binary individual.csv,chemistry,non-binary individual,18-24,White,6.555555555555555,0.27777777777777785
/Users/dexter/PycharmProjects/pythonProject/llm_confidence/data/processed/gemma2-9b-it/demographic,gpqa_biology_df_Black_25-39_Female.csv,biology,Female,25-39,Black,7.142857142857143,0.44285714285714295
/Users/dexter/PycharmProjects/pythonProject/llm_confidence/data/processed/gemma2-9b-it/demographic,gpqa_biology_df_White_25-39_Male.csv,biology,Male,25-39,White,6.714285714285714,0.4428571428571428
/Users/dexter/PycharmProjects/pythonProject/llm_confidence/data/processed/gemma2-9b-it/demographic,college_chemistry_df_White_18-24_Female.csv,chemistry,Female,18-24,White,3.4,0.06000000000000001
/Users/dexter/PycharmProjects/pythonProject/llm_confidence/data/processed/gemma2-9b-it/demographic,college_biology_df_Asian_18-24_non-binary individual.csv,biology,non-binary individual,18-24,Asian,7.428571428571429,0.15714285714285717
/Users/dexter/PycharmProjects/pythonProject/llm_confidence/data/processed/gemma2-9b-it/demographic,gpqa_biology_df_White_18-24_non-binary individual.csv,biology,non-binary individual,18-24,White,7.428571428571429,0.4142857142857143
/Users/dexter/PycharmProjects/pythonProject/llm_confidence/data/processed/gemma2-9b-it/demographic,high_school_physics_df_White_40-54_Female.csv,physics,Female,40-54,White,5.2,0.16666666666666666
/Users/dexter/PycharmProjects/pythonProject/llm_confidence/data/processed/gemma2-9b-it/demographic,gpqa_physics_df_Hispanic_40-54_Male.csv,physics,Male,40-54,Hispanic,4.777777777777778,0.37222222222222223
/Users/dexter/PycharmProjects/pythonProject/llm_confidence/data/processed/gemma2-9b-it/demographic,gpqa_biology_df_Hispanic_40-54_Female.csv,biology,Female,40-54,Hispanic,7.0,0.4142857142857143
/Users/dexter/PycharmProjects/pythonProject/llm_confidence/data/processed/gemma2-9b-it/demographic,gpqa_biology_df_Asian_55+_Female.csv,biology,Female,55+,Asian,7.0,0.42857142857142855
/Users/dexter/PycharmProjects/pythonProject/llm_confidence/data/processed/gemma2-9b-it/demographic,high_school_physics_df_Hispanic_55+_Female.csv,physics,Female,55+,Hispanic,4.8,0.26666666666666666
/Users/dexter/PycharmProjects/pythonProject/llm_confidence/data/processed/gemma2-9b-it/demographic,high_school_physics_df_Black_18-24_non-binary individual.csv,physics,non-binary individual,18-24,Black,6.6,0.15333333333333332
/Users/dexter/PycharmProjects/pythonProject/llm_confidence/data/processed/gemma2-9b-it/demographic,college_physics_df_Hispanic_18-24_Female.csv,physics,Female,18-24,Hispanic,4.6,0.13999999999999999
/Users/dexter/PycharmProjects/pythonProject/llm_confidence/data/processed/gemma2-9b-it/demographic,college_chemistry_df_Asian_55+_Male.csv,chemistry,Male,55+,Asian,6.0,0.06000000000000001
/Users/dexter/PycharmProjects/pythonProject/llm_confidence/data/processed/gemma2-9b-it/demographic,high_school_biology_df_Hispanic_18-24_Male.csv,biology,Male,18-24,Hispanic,7.064516129032258,0.18064516129032257
/Users/dexter/PycharmProjects/pythonProject/llm_confidence/data/processed/gemma2-9b-it/demographic,college_chemistry_df_Asian_55+_Female.csv,chemistry,Female,55+,Asian,4.7,0.06999999999999999
/Users/dexter/PycharmProjects/pythonProject/llm_confidence/data/processed/gemma2-9b-it/demographic,gpqa_physics_df_Black_18-24_non-binary individual.csv,physics,non-binary individual,18-24,Black,6.222222222222222,0.34444444444444444
/Users/dexter/PycharmProjects/pythonProject/llm_confidence/data/processed/gemma2-9b-it/demographic,high_school_physics_df_Hispanic_25-39_Female.csv,physics,Female,25-39,Hispanic,6.466666666666667,0.21333333333333335
/Users/dexter/PycharmProjects/pythonProject/llm_confidence/data/processed/gemma2-9b-it/demographic,gpqa_chemistry_df_Black_25-39_Male.csv,chemistry,Male,25-39,Black,6.833333333333333,0.2666666666666667
/Users/dexter/PycharmProjects/pythonProject/llm_confidence/data/processed/gemma2-9b-it/demographic,college_chemistry_df_White_25-39_Male.csv,chemistry,Male,25-39,White,5.2,0.16999999999999998
/Users/dexter/PycharmProjects/pythonProject/llm_confidence/data/processed/gemma2-9b-it/demographic,high_school_physics_df_White_40-54_Male.csv,physics,Male,40-54,White,6.666666666666667,0.22000000000000003
/Users/dexter/PycharmProjects/pythonProject/llm_confidence/data/processed/gemma2-9b-it/demographic,high_school_biology_df_Black_25-39_Female.csv,biology,Female,25-39,Black,7.516129032258065,0.12580645161290321
/Users/dexter/PycharmProjects/pythonProject/llm_confidence/data/processed/gemma2-9b-it/demographic,high_school_biology_df_White_18-24_non-binary individual.csv,biology,non-binary individual,18-24,White,7.225806451612903,0.15806451612903227
/Users/dexter/PycharmProjects/pythonProject/llm_confidence/data/processed/gemma2-9b-it/demographic,college_chemistry_df_Black_55+_Male.csv,chemistry,Male,55+,Black,5.1,0.19999999999999998
/Users/dexter/PycharmProjects/pythonProject/llm_confidence/data/processed/gemma2-9b-it/demographic,gpqa_physics_df_White_40-54_Female.csv,physics,Female,40-54,White,3.0,0.35
/Users/dexter/PycharmProjects/pythonProject/llm_confidence/data/processed/gemma2-9b-it/demographic,gpqa_biology_df_White_40-54_Female.csv,biology,Female,40-54,White,6.714285714285714,0.41428571428571426
/Users/dexter/PycharmProjects/pythonProject/llm_confidence/data/processed/gemma2-9b-it/demographic,gpqa_biology_df_White_55+_non-binary individual.csv,biology,non-binary individual,55+,White,7.0,0.4571428571428572
/Users/dexter/PycharmProjects/pythonProject/llm_confidence/data/processed/gemma2-9b-it/demographic,gpqa_physics_df_Black_55+_Male.csv,physics,Male,55+,Black,4.555555555555555,0.3555555555555555
/Users/dexter/PycharmProjects/pythonProject/llm_confidence/data/processed/gemma2-9b-it/demographic,gpqa_physics_df_White_25-39_Male.csv,physics,Male,25-39,White,5.444444444444445,0.37777777777777777
/Users/dexter/PycharmProjects/pythonProject/llm_confidence/data/processed/gemma2-9b-it/demographic,high_school_physics_df_Black_25-39_Female.csv,physics,Female,25-39,Black,6.8,0.18666666666666668
/Users/dexter/PycharmProjects/pythonProject/llm_confidence/data/processed/gemma2-9b-it/demographic,gpqa_chemistry_df_Asian_18-24_Male.csv,chemistry,Male,18-24,Asian,7.166666666666667,0.2944444444444445
/Users/dexter/PycharmProjects/pythonProject/llm_confidence/data/processed/gemma2-9b-it/demographic,gpqa_biology_df_Hispanic_18-24_non-binary individual.csv,biology,non-binary individual,18-24,Hispanic,7.714285714285714,0.44285714285714295
/Users/dexter/PycharmProjects/pythonProject/llm_confidence/data/processed/gemma2-9b-it/demographic,gpqa_physics_df_Asian_55+_Female.csv,physics,Female,55+,Asian,4.222222222222222,0.3722222222222223
/Users/dexter/PycharmProjects/pythonProject/llm_confidence/data/processed/gemma2-9b-it/demographic,college_physics_df_Black_55+_non-binary individual.csv,physics,non-binary individual,55+,Black,4.9,0.11000000000000001
/Users/dexter/PycharmProjects/pythonProject/llm_confidence/data/processed/gemma2-9b-it/demographic,gpqa_physics_df_Asian_55+_Male.csv,physics,Male,55+,Asian,6.222222222222222,0.34444444444444444
/Users/dexter/PycharmProjects/pythonProject/llm_confidence/data/processed/gemma2-9b-it/demographic,high_school_chemistry_df_Asian_25-39_Female.csv,chemistry,Female,25-39,Asian,7.35,0.135
/Users/dexter/PycharmProjects/pythonProject/llm_confidence/data/processed/gemma2-9b-it/demographic,high_school_chemistry_df_Hispanic_40-54_Male.csv,chemistry,Male,40-54,Hispanic,6.55,0.135
/Users/dexter/PycharmProjects/pythonProject/llm_confidence/data/processed/gemma2-9b-it/demographic,high_school_biology_df_White_40-54_Female.csv,biology,Female,40-54,White,6.967741935483871,0.15161290322580642
/Users/dexter/PycharmProjects/pythonProject/llm_confidence/data/processed/gemma2-9b-it/demographic,gpqa_chemistry_df_Asian_40-54_Female.csv,chemistry,Female,40-54,Asian,7.0,0.27222222222222225
/Users/dexter/PycharmProjects/pythonProject/llm_confidence/data/processed/gemma2-9b-it/demographic,high_school_biology_df_White_40-54_Male.csv,biology,Male,40-54,White,7.064516129032258,0.1709677419354839
/Users/dexter/PycharmProjects/pythonProject/llm_confidence/data/processed/gemma2-9b-it/demographic,high_school_biology_df_White_55+_non-binary individual.csv,biology,non-binary individual,55+,White,6.838709677419355,0.1064516129032258
/Users/dexter/PycharmProjects/pythonProject/llm_confidence/data/processed/gemma2-9b-it/demographic,gpqa_physics_df_Black_25-39_Female.csv,physics,Female,25-39,Black,5.888888888888889,0.37222222222222223
/Users/dexter/PycharmProjects/pythonProject/llm_confidence/data/processed/gemma2-9b-it/demographic,high_school_chemistry_df_Asian_18-24_Male.csv,chemistry,Male,18-24,Asian,7.3,0.18000000000000002
/Users/dexter/PycharmProjects/pythonProject/llm_confidence/data/processed/gemma2-9b-it/demographic,gpqa_chemistry_df_Hispanic_18-24_Female.csv,chemistry,Female,18-24,Hispanic,5.722222222222222,0.2777777777777778
/Users/dexter/PycharmProjects/pythonProject/llm_confidence/data/processed/gemma2-9b-it/demographic,gpqa_physics_df_Asian_40-54_Female.csv,physics,Female,40-54,Asian,5.888888888888889,0.35
/Users/dexter/PycharmProjects/pythonProject/llm_confidence/data/processed/gemma2-9b-it/demographic,high_school_chemistry_df_Black_18-24_Male.csv,chemistry,Male,18-24,Black,6.35,0.19
/Users/dexter/PycharmProjects/pythonProject/llm_confidence/data/processed/gemma2-9b-it/demographic,gpqa_biology_df_White_18-24_Male.csv,biology,Male,18-24,White,6.714285714285714,0.4142857142857142
/Users/dexter/PycharmProjects/pythonProject/llm_confidence/data/processed/gemma2-9b-it/demographic,gpqa_chemistry_df_Black_25-39_Female.csv,chemistry,Female,25-39,Black,6.777777777777778,0.288888888888889
/Users/dexter/PycharmProjects/pythonProject/llm_confidence/data/processed/gemma2-9b-it/demographic,college_biology_df_Hispanic_18-24_non-binary individual.csv,biology,non-binary individual,18-24,Hispanic,7.0,0.19285714285714287
/Users/dexter/PycharmProjects/pythonProject/llm_confidence/data/processed/gemma2-9b-it/demographic,college_biology_df_Black_18-24_Female.csv,biology,Female,18-24,Black,6.714285714285714,0.17857142857142858
/Users/dexter/PycharmProjects/pythonProject/llm_confidence/data/processed/gemma2-9b-it/demographic,gpqa_physics_df_Hispanic_25-39_Female.csv,physics,Female,25-39,Hispanic,5.0,0.3722222222222222
/Users/dexter/PycharmProjects/pythonProject/llm_confidence/data/processed/gemma2-9b-it/demographic,high_school_chemistry_df_White_55+_non-binary individual.csv,chemistry,non-binary individual,55+,White,6.25,0.16
/Users/dexter/PycharmProjects/pythonProject/llm_confidence/data/processed/gemma2-9b-it/demographic,college_biology_df_White_40-54_Male.csv,biology,Male,40-54,White,6.642857142857143,0.15714285714285717
/Users/dexter/PycharmProjects/pythonProject/llm_confidence/data/processed/gemma2-9b-it/demographic,gpqa_physics_df_Black_55+_Female.csv,physics,Female,55+,Black,4.222222222222222,0.35555555555555546
/Users/dexter/PycharmProjects/pythonProject/llm_confidence/data/processed/gemma2-9b-it/demographic,gpqa_chemistry_df_White_55+_non-binary individual.csv,chemistry,non-binary individual,55+,White,4.666666666666667,0.2888888888888889
/Users/dexter/PycharmProjects/pythonProject/llm_confidence/data/processed/gemma2-9b-it/demographic,high_school_chemistry_df_Black_40-54_Female.csv,chemistry,Female,40-54,Black,6.85,0.15999999999999998
/Users/dexter/PycharmProjects/pythonProject/llm_confidence/data/processed/gemma2-9b-it/demographic,gpqa_biology_df_Black_55+_Male.csv,biology,Male,55+,Black,6.714285714285714,0.38571428571428573
/Users/dexter/PycharmProjects/pythonProject/llm_confidence/data/processed/gemma2-9b-it/demographic,high_school_biology_df_Hispanic_25-39_Male.csv,biology,Male,25-39,Hispanic,7.258064516129032,0.1903225806451613
/Users/dexter/PycharmProjects/pythonProject/llm_confidence/data/processed/gemma2-9b-it/demographic,high_school_chemistry_df_Hispanic_55+_non-binary individual.csv,chemistry,non-binary individual,55+,Hispanic,6.2,0.15
/Users/dexter/PycharmProjects/pythonProject/llm_confidence/data/processed/gemma2-9b-it/demographic,gpqa_biology_df_Asian_55+_Male.csv,biology,Male,55+,Asian,6.714285714285714,0.4428571428571428
/Users/dexter/PycharmProjects/pythonProject/llm_confidence/data/processed/gemma2-9b-it/demographic,high_school_physics_df_Asian_40-54_Female.csv,physics,Female,40-54,Asian,6.533333333333333,0.22666666666666666
/Users/dexter/PycharmProjects/pythonProject/llm_confidence/data/processed/gemma2-9b-it/demographic,gpqa_chemistry_df_Black_18-24_Male.csv,chemistry,Male,18-24,Black,6.111111111111111,0.2555555555555556
/Users/dexter/PycharmProjects/pythonProject/llm_confidence/data/processed/gemma2-9b-it/demographic,high_school_biology_df_Hispanic_40-54_Female.csv,biology,Female,40-54,Hispanic,7.096774193548387,0.16129032258064516
/Users/dexter/PycharmProjects/pythonProject/llm_confidence/data/processed/gemma2-9b-it/demographic,college_chemistry_df_Asian_18-24_Female.csv,chemistry,Female,18-24,Asian,5.2,0.13
/Users/dexter/PycharmProjects/pythonProject/llm_confidence/data/processed/gemma2-9b-it/demographic,college_chemistry_df_White_18-24_Male.csv,chemistry,Male,18-24,White,4.3,0.09
/Users/dexter/PycharmProjects/pythonProject/llm_confidence/data/processed/gemma2-9b-it/demographic,high_school_physics_df_White_25-39_non-binary individual.csv,physics,non-binary individual,25-39,White,7.0,0.2
/Users/dexter/PycharmProjects/pythonProject/llm_confidence/data/processed/gemma2-9b-it/demographic,gpqa_physics_df_White_18-24_Male.csv,physics,Male,18-24,White,4.555555555555555,0.3611111111111111
/Users/dexter/PycharmProjects/pythonProject/llm_confidence/data/processed/gemma2-9b-it/demographic,college_physics_df_Asian_40-54_non-binary individual.csv,physics,non-binary individual,40-54,Asian,6.8,0.22999999999999998
/Users/dexter/PycharmProjects/pythonProject/llm_confidence/data/processed/gemma2-9b-it/demographic,high_school_biology_df_Asian_40-54_Female.csv,biology,Female,40-54,Asian,7.387096774193548,0.15483870967741936
/Users/dexter/PycharmProjects/pythonProject/llm_confidence/data/processed/gemma2-9b-it/demographic,gpqa_physics_df_White_40-54_non-binary individual.csv,physics,non-binary individual,40-54,White,5.555555555555555,0.36666666666666664
/Users/dexter/PycharmProjects/pythonProject/llm_confidence/data/processed/gemma2-9b-it/demographic,high_school_chemistry_df_Asian_55+_Male.csv,chemistry,Male,55+,Asian,7.0,0.13999999999999999
/Users/dexter/PycharmProjects/pythonProject/llm_confidence/data/processed/gemma2-9b-it/demographic,gpqa_chemistry_df_Asian_25-39_Male.csv,chemistry,Male,25-39,Asian,7.166666666666667,0.2888888888888889
/Users/dexter/PycharmProjects/pythonProject/llm_confidence/data/processed/gemma2-9b-it/demographic,high_school_chemistry_df_Asian_18-24_non-binary individual.csv,chemistry,non-binary individual,18-24,Asian,7.45,0.16499999999999998
/Users/dexter/PycharmProjects/pythonProject/llm_confidence/data/processed/gemma2-9b-it/demographic,college_chemistry_df_Asian_25-39_non-binary individual.csv,chemistry,non-binary individual,25-39,Asian,7.2,0.09
/Users/dexter/PycharmProjects/pythonProject/llm_confidence/data/processed/gemma2-9b-it/demographic,high_school_biology_df_Hispanic_25-39_non-binary individual.csv,biology,non-binary individual,25-39,Hispanic,7.354838709677419,0.10967741935483873
/Users/dexter/PycharmProjects/pythonProject/llm_confidence/data/processed/gemma2-9b-it/demographic,college_chemistry_df_Hispanic_18-24_non-binary individual.csv,chemistry,non-binary individual,18-24,Hispanic,5.8,0.09
/Users/dexter/PycharmProjects/pythonProject/llm_confidence/data/processed/gemma2-9b-it/demographic,high_school_chemistry_df_Hispanic_18-24_Female.csv,chemistry,Female,18-24,Hispanic,6.5,0.13000000000000003
/Users/dexter/PycharmProjects/pythonProject/llm_confidence/data/processed/gemma2-9b-it/demographic,gpqa_chemistry_df_White_40-54_Female.csv,chemistry,Female,40-54,White,6.0,0.2833333333333334
/Users/dexter/PycharmProjects/pythonProject/llm_confidence/data/processed/gemma2-9b-it/demographic,gpqa_chemistry_df_Hispanic_40-54_Male.csv,chemistry,Male,40-54,Hispanic,6.666666666666667,0.2888888888888889
/Users/dexter/PycharmProjects/pythonProject/llm_confidence/data/processed/gemma2-9b-it/demographic,high_school_biology_df_Black_40-54_non-binary individual.csv,biology,non-binary individual,40-54,Black,7.290322580645161,0.14838709677419357
/Users/dexter/PycharmProjects/pythonProject/llm_confidence/data/processed/gemma2-9b-it/demographic,college_physics_df_White_40-54_Male.csv,physics,Male,40-54,White,6.2,0.12000000000000002
/Users/dexter/PycharmProjects/pythonProject/llm_confidence/data/processed/gemma2-9b-it/demographic,gpqa_biology_df_Black_25-39_non-binary individual.csv,biology,non-binary individual,25-39,Black,7.714285714285714,0.48571428571428565
/Users/dexter/PycharmProjects/pythonProject/llm_confidence/data/processed/gemma2-9b-it/demographic,gpqa_chemistry_df_White_55+_Female.csv,chemistry,Female,55+,White,5.166666666666667,0.29444444444444445
/Users/dexter/PycharmProjects/pythonProject/llm_confidence/data/processed/gemma2-9b-it/demographic,gpqa_chemistry_df_Black_25-39_non-binary individual.csv,chemistry,non-binary individual,25-39,Black,7.0,0.2944444444444445
/Users/dexter/PycharmProjects/pythonProject/llm_confidence/data/processed/gemma2-9b-it/demographic,high_school_biology_df_Hispanic_55+_Male.csv,biology,Male,55+,Hispanic,6.741935483870968,0.16451612903225804
/Users/dexter/PycharmProjects/pythonProject/llm_confidence/data/processed/gemma2-9b-it/demographic,college_physics_df_Asian_55+_non-binary individual.csv,physics,non-binary individual,55+,Asian,5.4,0.12000000000000002
/Users/dexter/PycharmProjects/pythonProject/llm_confidence/data/processed/gemma2-9b-it/demographic,college_chemistry_df_Black_55+_Female.csv,chemistry,Female,55+,Black,4.7,0.06999999999999999
/Users/dexter/PycharmProjects/pythonProject/llm_confidence/data/processed/gemma2-9b-it/demographic,high_school_chemistry_df_Black_55+_Male.csv,chemistry,Male,55+,Black,6.15,0.16499999999999998
/Users/dexter/PycharmProjects/pythonProject/llm_confidence/data/processed/gemma2-9b-it/demographic,gpqa_biology_df_Black_40-54_non-binary individual.csv,biology,non-binary individual,40-54,Black,7.428571428571429,0.48571428571428577
/Users/dexter/PycharmProjects/pythonProject/llm_confidence/data/processed/gemma2-9b-it/demographic,high_school_biology_df_Black_25-39_non-binary individual.csv,biology,non-binary individual,25-39,Black,7.483870967741935,0.13870967741935486
/Users/dexter/PycharmProjects/pythonProject/llm_confidence/data/processed/gemma2-9b-it/demographic,high_school_chemistry_df_White_55+_Female.csv,chemistry,Female,55+,White,4.95,0.14999999999999997
/Users/dexter/PycharmProjects/pythonProject/llm_confidence/data/processed/gemma2-9b-it/demographic,college_physics_df_Hispanic_40-54_Male.csv,physics,Male,40-54,Hispanic,5.4,0.17
/Users/dexter/PycharmProjects/pythonProject/llm_confidence/data/processed/gemma2-9b-it/demographic,high_school_chemistry_df_White_25-39_Female.csv,chemistry,Female,25-39,White,6.75,0.145
/Users/dexter/PycharmProjects/pythonProject/llm_confidence/data/processed/gemma2-9b-it/demographic,gpqa_biology_df_Black_55+_Female.csv,biology,Female,55+,Black,7.0,0.38571428571428573
/Users/dexter/PycharmProjects/pythonProject/llm_confidence/data/processed/gemma2-9b-it/demographic,gpqa_chemistry_df_Black_40-54_non-binary individual.csv,chemistry,non-binary individual,40-54,Black,6.833333333333333,0.2777777777777778
/Users/dexter/PycharmProjects/pythonProject/llm_confidence/data/processed/gemma2-9b-it/demographic,gpqa_biology_df_Asian_40-54_Female.csv,biology,Female,40-54,Asian,7.142857142857143,0.39999999999999997
/Users/dexter/PycharmProjects/pythonProject/llm_confidence/data/processed/gemma2-9b-it/demographic,high_school_chemistry_df_Asian_25-39_Male.csv,chemistry,Male,25-39,Asian,7.5,0.13
/Users/dexter/PycharmProjects/pythonProject/llm_confidence/data/processed/gemma2-9b-it/demographic,college_physics_df_Black_18-24_Female.csv,physics,Female,18-24,Black,5.2,0.26999999999999996
/Users/dexter/PycharmProjects/pythonProject/llm_confidence/data/processed/gemma2-9b-it/demographic,gpqa_physics_df_White_25-39_non-binary individual.csv,physics,non-binary individual,25-39,White,6.555555555555555,0.3055555555555555
/Users/dexter/PycharmProjects/pythonProject/llm_confidence/data/processed/gemma2-9b-it/demographic,college_physics_df_Asian_25-39_non-binary individual.csv,physics,non-binary individual,25-39,Asian,6.9,0.22000000000000003
/Users/dexter/PycharmProjects/pythonProject/llm_confidence/data/processed/gemma2-9b-it/demographic,high_school_physics_df_White_40-54_non-binary individual.csv,physics,non-binary individual,40-54,White,6.666666666666667,0.20666666666666667
/Users/dexter/PycharmProjects/pythonProject/llm_confidence/data/processed/gemma2-9b-it/demographic,high_school_biology_df_Hispanic_40-54_non-binary individual.csv,biology,non-binary individual,40-54,Hispanic,7.161290322580645,0.13548387096774195
/Users/dexter/PycharmProjects/pythonProject/llm_confidence/data/processed/gemma2-9b-it/demographic,college_chemistry_df_Asian_40-54_non-binary individual.csv,chemistry,non-binary individual,40-54,Asian,6.8,0.12
/Users/dexter/PycharmProjects/pythonProject/llm_confidence/data/processed/gemma2-9b-it/demographic,college_biology_df_White_25-39_Female.csv,biology,Female,25-39,White,6.571428571428571,0.1357142857142857
/Users/dexter/PycharmProjects/pythonProject/llm_confidence/data/processed/gemma2-9b-it/demographic,gpqa_biology_df_White_40-54_Male.csv,biology,Male,40-54,White,6.714285714285714,0.3
/Users/dexter/PycharmProjects/pythonProject/llm_confidence/data/processed/gemma2-9b-it/demographic,high_school_chemistry_df_Hispanic_40-54_Female.csv,chemistry,Female,40-54,Hispanic,6.5,0.145
/Users/dexter/PycharmProjects/pythonProject/llm_confidence/data/processed/gemma2-9b-it/demographic,gpqa_chemistry_df_White_18-24_Female.csv,chemistry,Female,18-24,White,5.888888888888889,0.31666666666666665
/Users/dexter/PycharmProjects/pythonProject/llm_confidence/data/processed/gemma2-9b-it/demographic,high_school_chemistry_df_Black_40-54_non-binary individual.csv,chemistry,non-binary individual,40-54,Black,7.1,0.13
/Users/dexter/PycharmProjects/pythonProject/llm_confidence/data/processed/gemma2-9b-it/demographic,high_school_chemistry_df_Black_40-54_Male.csv,chemistry,Male,40-54,Black,6.55,0.21000000000000002
/Users/dexter/PycharmProjects/pythonProject/llm_confidence/data/processed/gemma2-9b-it/demographic,college_physics_df_Black_18-24_non-binary individual.csv,physics,non-binary individual,18-24,Black,5.8,0.12
/Users/dexter/PycharmProjects/pythonProject/llm_confidence/data/processed/gemma2-9b-it/demographic,high_school_biology_df_Asian_18-24_Female.csv,biology,Female,18-24,Asian,7.645161290322581,0.1903225806451613
/Users/dexter/PycharmProjects/pythonProject/llm_confidence/data/processed/gemma2-9b-it/demographic,high_school_biology_df_Black_55+_Male.csv,biology,Male,55+,Black,6.935483870967742,0.16451612903225804
/Users/dexter/PycharmProjects/pythonProject/llm_confidence/data/processed/gemma2-9b-it/demographic,college_biology_df_White_18-24_Male.csv,biology,Male,18-24,White,6.428571428571429,0.1285714285714286
/Users/dexter/PycharmProjects/pythonProject/llm_confidence/data/processed/gemma2-9b-it/demographic,high_school_biology_df_Asian_55+_Male.csv,biology,Male,55+,Asian,7.225806451612903,0.1548387096774194
/Users/dexter/PycharmProjects/pythonProject/llm_confidence/data/processed/gemma2-9b-it/demographic,gpqa_physics_df_Hispanic_25-39_Male.csv,physics,Male,25-39,Hispanic,6.0,0.36666666666666664
/Users/dexter/PycharmProjects/pythonProject/llm_confidence/data/processed/gemma2-9b-it/demographic,college_physics_df_Hispanic_40-54_non-binary individual.csv,physics,non-binary individual,40-54,Hispanic,6.4,0.22999999999999998
/Users/dexter/PycharmProjects/pythonProject/llm_confidence/data/processed/gemma2-9b-it/demographic,high_school_biology_df_Asian_18-24_non-binary individual.csv,biology,non-binary individual,18-24,Asian,7.483870967741935,0.13870967741935483
/Users/dexter/PycharmProjects/pythonProject/llm_confidence/data/processed/gemma2-9b-it/demographic,gpqa_chemistry_df_Asian_18-24_non-binary individual.csv,chemistry,non-binary individual,18-24,Asian,7.111111111111111,0.2833333333333334
/Users/dexter/PycharmProjects/pythonProject/llm_confidence/data/processed/gemma2-9b-it/demographic,gpqa_biology_df_Asian_18-24_non-binary individual.csv,biology,non-binary individual,18-24,Asian,7.857142857142857,0.4142857142857142
/Users/dexter/PycharmProjects/pythonProject/llm_confidence/data/processed/gemma2-9b-it/demographic,college_biology_df_White_18-24_non-binary individual.csv,biology,non-binary individual,18-24,White,7.0,0.19285714285714287
/Users/dexter/PycharmProjects/pythonProject/llm_confidence/data/processed/gemma2-9b-it/demographic,college_physics_df_Hispanic_25-39_non-binary individual.csv,physics,non-binary individual,25-39,Hispanic,6.6,0.12
/Users/dexter/PycharmProjects/pythonProject/llm_confidence/data/processed/gemma2-9b-it/demographic,high_school_physics_df_Asian_55+_Female.csv,physics,Female,55+,Asian,5.866666666666666,0.21333333333333335
/Users/dexter/PycharmProjects/pythonProject/llm_confidence/data/processed/gemma2-9b-it/demographic,college_chemistry_df_Black_18-24_non-binary individual.csv,chemistry,non-binary individual,18-24,Black,5.2,0.09
/Users/dexter/PycharmProjects/pythonProject/llm_confidence/data/processed/gemma2-9b-it/demographic,high_school_chemistry_df_Black_25-39_non-binary individual.csv,chemistry,non-binary individual,25-39,Black,7.25,0.135
/Users/dexter/PycharmProjects/pythonProject/llm_confidence/data/processed/gemma2-9b-it/demographic,college_chemistry_df_White_40-54_Male.csv,chemistry,Male,40-54,White,4.6,0.07999999999999999
/Users/dexter/PycharmProjects/pythonProject/llm_confidence/data/processed/gemma2-9b-it/demographic,high_school_physics_df_White_25-39_Male.csv,physics,Male,25-39,White,7.0,0.23333333333333336
/Users/dexter/PycharmProjects/pythonProject/llm_confidence/data/processed/gemma2-9b-it/demographic,gpqa_chemistry_df_Black_40-54_Male.csv,chemistry,Male,40-54,Black,6.666666666666667,0.27222222222222225
/Users/dexter/PycharmProjects/pythonProject/llm_confidence/data/processed/gemma2-9b-it/demographic,college_physics_df_Black_40-54_Female.csv,physics,Female,40-54,Black,5.4,0.13
/Users/dexter/PycharmProjects/pythonProject/llm_confidence/data/processed/gemma2-9b-it/demographic,college_chemistry_df_Hispanic_55+_Female.csv,chemistry,Female,55+,Hispanic,3.7,0.11000000000000001
/Users/dexter/PycharmProjects/pythonProject/llm_confidence/data/processed/gemma2-9b-it/demographic,gpqa_biology_df_Asian_18-24_Female.csv,biology,Female,18-24,Asian,7.142857142857143,0.38571428571428573
/Users/dexter/PycharmProjects/pythonProject/llm_confidence/data/processed/gemma2-9b-it/demographic,college_physics_df_Black_55+_Female.csv,physics,Female,55+,Black,3.8,0.1
/Users/dexter/PycharmProjects/pythonProject/llm_confidence/data/processed/gemma2-9b-it/demographic,college_biology_df_Black_40-54_Female.csv,biology,Female,40-54,Black,6.857142857142857,0.15714285714285717
/Users/dexter/PycharmProjects/pythonProject/llm_confidence/data/processed/gemma2-9b-it/demographic,gpqa_physics_df_Hispanic_55+_Male.csv,physics,Male,55+,Hispanic,4.444444444444445,0.3722222222222222
/Users/dexter/PycharmProjects/pythonProject/llm_confidence/data/processed/gemma2-9b-it/demographic,gpqa_physics_df_Asian_18-24_Female.csv,physics,Female,18-24,Asian,6.333333333333333,0.36666666666666664
/Users/dexter/PycharmProjects/pythonProject/llm_confidence/data/processed/gemma2-9b-it/demographic,gpqa_chemistry_df_Hispanic_40-54_Female.csv,chemistry,Female,40-54,Hispanic,6.444444444444445,0.2888888888888889
/Users/dexter/PycharmProjects/pythonProject/llm_confidence/data/processed/gemma2-9b-it/demographic,gpqa_physics_df_White_40-54_Male.csv,physics,Male,40-54,White,4.722222222222222,0.33888888888888885
/Users/dexter/PycharmProjects/pythonProject/llm_confidence/data/processed/gemma2-9b-it/demographic,gpqa_physics_df_Asian_55+_non-binary individual.csv,physics,non-binary individual,55+,Asian,5.888888888888889,0.35555555555555557
/Users/dexter/PycharmProjects/pythonProject/llm_confidence/data/processed/gemma2-9b-it/demographic,college_biology_df_Hispanic_55+_Female.csv,biology,Female,55+,Hispanic,6.0,0.07142857142857142
/Users/dexter/PycharmProjects/pythonProject/llm_confidence/data/processed/gemma2-9b-it/demographic,college_biology_df_Hispanic_25-39_Female.csv,biology,Female,25-39,Hispanic,6.5,0.17857142857142858
/Users/dexter/PycharmProjects/pythonProject/llm_confidence/data/processed/gemma2-9b-it/demographic,gpqa_chemistry_df_Hispanic_18-24_Male.csv,chemistry,Male,18-24,Hispanic,6.611111111111111,0.3111111111111111
/Users/dexter/PycharmProjects/pythonProject/llm_confidence/data/processed/gemma2-9b-it/demographic,college_physics_df_White_18-24_Male.csv,physics,Male,18-24,White,6.1,0.16
/Users/dexter/PycharmProjects/pythonProject/llm_confidence/data/processed/gemma2-9b-it/demographic,high_school_biology_df_Asian_55+_Female.csv,biology,Female,55+,Asian,7.129032258064516,0.1870967741935484
/Users/dexter/PycharmProjects/pythonProject/llm_confidence/data/processed/gemma2-9b-it/demographic,college_physics_df_White_55+_Male.csv,physics,Male,55+,White,5.4,0.13
/Users/dexter/PycharmProjects/pythonProject/llm_confidence/data/processed/gemma2-9b-it/demographic,high_school_chemistry_df_Black_18-24_Female.csv,chemistry,Female,18-24,Black,6.75,0.125
/Users/dexter/PycharmProjects/pythonProject/llm_confidence/data/processed/gemma2-9b-it/demographic,college_physics_df_Hispanic_18-24_Male.csv,physics,Male,18-24,Hispanic,5.4,0.21000000000000002
/Users/dexter/PycharmProjects/pythonProject/llm_confidence/data/processed/gemma2-9b-it/demographic,high_school_physics_df_Asian_55+_non-binary individual.csv,physics,non-binary individual,55+,Asian,6.2,0.17333333333333334
/Users/dexter/PycharmProjects/pythonProject/llm_confidence/data/processed/gemma2-9b-it/demographic,high_school_physics_df_Hispanic_18-24_non-binary individual.csv,physics,non-binary individual,18-24,Hispanic,6.6,0.18
/Users/dexter/PycharmProjects/pythonProject/llm_confidence/data/processed/gemma2-9b-it/demographic,college_chemistry_df_Asian_40-54_Female.csv,chemistry,Female,40-54,Asian,5.1,0.18
/Users/dexter/PycharmProjects/pythonProject/llm_confidence/data/processed/gemma2-9b-it/demographic,college_biology_df_Black_55+_Female.csv,biology,Female,55+,Black,6.785714285714286,0.1357142857142857
/Users/dexter/PycharmProjects/pythonProject/llm_confidence/data/processed/gemma2-9b-it/demographic,high_school_chemistry_df_Hispanic_25-39_Male.csv,chemistry,Male,25-39,Hispanic,6.95,0.175
/Users/dexter/PycharmProjects/pythonProject/llm_confidence/data/processed/gemma2-9b-it/demographic,high_school_physics_df_Asian_18-24_Female.csv,physics,Female,18-24,Asian,7.0,0.22000000000000003
/Users/dexter/PycharmProjects/pythonProject/llm_confidence/data/processed/gemma2-9b-it/demographic,high_school_biology_df_Hispanic_18-24_Female.csv,biology,Female,18-24,Hispanic,7.161290322580645,0.17419354838709677
/Users/dexter/PycharmProjects/pythonProject/llm_confidence/data/processed/gemma2-9b-it/demographic,college_physics_df_White_25-39_Female.csv,physics,Female,25-39,White,5.0,0.1
/Users/dexter/PycharmProjects/pythonProject/llm_confidence/data/processed/gemma2-9b-it/demographic,high_school_biology_df_White_25-39_Male.csv,biology,Male,25-39,White,7.32258064516129,0.1806451612903226
/Users/dexter/PycharmProjects/pythonProject/llm_confidence/data/processed/gemma2-9b-it/demographic,college_chemistry_df_White_25-39_Female.csv,chemistry,Female,25-39,White,3.9,0.1
/Users/dexter/PycharmProjects/pythonProject/llm_confidence/data/processed/gemma2-9b-it/demographic,gpqa_biology_df_Black_18-24_Male.csv,biology,Male,18-24,Black,7.0,0.41428571428571426
/Users/dexter/PycharmProjects/pythonProject/llm_confidence/data/processed/gemma2-9b-it/demographic,high_school_biology_df_Asian_40-54_Male.csv,biology,Male,40-54,Asian,7.419354838709677,0.18064516129032257
/Users/dexter/PycharmProjects/pythonProject/llm_confidence/data/processed/gemma2-9b-it/demographic,college_physics_df_Asian_40-54_Female.csv,physics,Female,40-54,Asian,6.0,0.22000000000000003
/Users/dexter/PycharmProjects/pythonProject/llm_confidence/data/processed/gemma2-9b-it/demographic,college_biology_df_Hispanic_25-39_non-binary individual.csv,biology,non-binary individual,25-39,Hispanic,7.214285714285714,0.16428571428571428
/Users/dexter/PycharmProjects/pythonProject/llm_confidence/data/processed/gemma2-9b-it/demographic,gpqa_biology_df_Black_18-24_Female.csv,biology,Female,18-24,Black,7.0,0.42857142857142855
/Users/dexter/PycharmProjects/pythonProject/llm_confidence/data/processed/gemma2-9b-it/demographic,high_school_chemistry_df_White_18-24_Male.csv,chemistry,Male,18-24,White,6.95,0.13
/Users/dexter/PycharmProjects/pythonProject/llm_confidence/data/processed/gemma2-9b-it/demographic,college_physics_df_Hispanic_25-39_Female.csv,physics,Female,25-39,Hispanic,5.4,0.34
/Users/dexter/PycharmProjects/pythonProject/llm_confidence/data/processed/gemma2-9b-it/demographic,college_biology_df_Black_40-54_Male.csv,biology,Male,40-54,Black,6.428571428571429,0.17142857142857143
/Users/dexter/PycharmProjects/pythonProject/llm_confidence/data/processed/gemma2-9b-it/demographic,college_chemistry_df_Black_55+_non-binary individual.csv,chemistry,non-binary individual,55+,Black,3.9,0.06999999999999999
/Users/dexter/PycharmProjects/pythonProject/llm_confidence/data/processed/gemma2-9b-it/demographic,gpqa_physics_df_White_55+_Female.csv,physics,Female,55+,White,2.5555555555555554,0.36666666666666664
/Users/dexter/PycharmProjects/pythonProject/llm_confidence/data/processed/gemma2-9b-it/demographic,college_chemistry_df_White_55+_Male.csv,chemistry,Male,55+,White,4.3,0.07999999999999999
/Users/dexter/PycharmProjects/pythonProject/llm_confidence/data/processed/gemma2-9b-it/demographic,college_biology_df_Hispanic_40-54_Male.csv,biology,Male,40-54,Hispanic,6.142857142857143,0.10714285714285714
/Users/dexter/PycharmProjects/pythonProject/llm_confidence/data/processed/gemma2-9b-it/demographic,gpqa_physics_df_Asian_25-39_Male.csv,physics,Male,25-39,Asian,6.833333333333333,0.3611111111111111
/Users/dexter/PycharmProjects/pythonProject/llm_confidence/data/processed/gemma2-9b-it/demographic,college_chemistry_df_Black_18-24_Male.csv,chemistry,Male,18-24,Black,4.0,0.16
/Users/dexter/PycharmProjects/pythonProject/llm_confidence/data/processed/gemma2-9b-it/demographic,college_biology_df_Hispanic_40-54_non-binary individual.csv,biology,non-binary individual,40-54,Hispanic,6.857142857142857,0.19285714285714287
/Users/dexter/PycharmProjects/pythonProject/llm_confidence/data/processed/gemma2-9b-it/demographic,high_school_physics_df_Hispanic_18-24_Female.csv,physics,Female,18-24,Hispanic,6.066666666666666,0.16000000000000003
/Users/dexter/PycharmProjects/pythonProject/llm_confidence/data/processed/gemma2-9b-it/demographic,gpqa_chemistry_df_White_18-24_Male.csv,chemistry,Male,18-24,White,6.666666666666667,0.33333333333333326
/Users/dexter/PycharmProjects/pythonProject/llm_confidence/data/processed/gemma2-9b-it/demographic,high_school_biology_df_Black_18-24_Female.csv,biology,Female,18-24,Black,7.451612903225806,0.18387096774193548
/Users/dexter/PycharmProjects/pythonProject/llm_confidence/data/processed/gemma2-9b-it/demographic,high_school_physics_df_White_18-24_non-binary individual.csv,physics,non-binary individual,18-24,White,6.8,0.19333333333333333
/Users/dexter/PycharmProjects/pythonProject/llm_confidence/data/processed/gemma2-9b-it/demographic,college_chemistry_df_Black_40-54_Female.csv,chemistry,Female,40-54,Black,5.1,0.06000000000000001
/Users/dexter/PycharmProjects/pythonProject/llm_confidence/data/processed/gemma2-9b-it/demographic,college_chemistry_df_Asian_25-39_Male.csv,chemistry,Male,25-39,Asian,7.0,0.09000000000000001
/Users/dexter/PycharmProjects/pythonProject/llm_confidence/data/processed/gemma2-9b-it/demographic,high_school_physics_df_Asian_40-54_Male.csv,physics,Male,40-54,Asian,7.066666666666666,0.17333333333333334
/Users/dexter/PycharmProjects/pythonProject/llm_confidence/data/processed/gemma2-9b-it/demographic,gpqa_physics_df_Black_18-24_Male.csv,physics,Male,18-24,Black,4.444444444444445,0.3611111111111111
/Users/dexter/PycharmProjects/pythonProject/llm_confidence/data/processed/gemma2-9b-it/demographic,high_school_physics_df_Black_18-24_Female.csv,physics,Female,18-24,Black,6.266666666666667,0.24666666666666665
/Users/dexter/PycharmProjects/pythonProject/llm_confidence/data/processed/gemma2-9b-it/demographic,high_school_chemistry_df_Asian_25-39_non-binary individual.csv,chemistry,non-binary individual,25-39,Asian,7.55,0.15499999999999997
/Users/dexter/PycharmProjects/pythonProject/llm_confidence/data/processed/gemma2-9b-it/demographic,college_chemistry_df_Asian_18-24_non-binary individual.csv,chemistry,non-binary individual,18-24,Asian,6.9,0.07999999999999999
/Users/dexter/PycharmProjects/pythonProject/llm_confidence/data/processed/gemma2-9b-it/demographic,gpqa_physics_df_White_55+_non-binary individual.csv,physics,non-binary individual,55+,White,3.5,0.35555555555555557
/Users/dexter/PycharmProjects/pythonProject/llm_confidence/data/processed/gemma2-9b-it/demographic,college_chemistry_df_Hispanic_25-39_non-binary individual.csv,chemistry,non-binary individual,25-39,Hispanic,6.4,0.06000000000000001
/Users/dexter/PycharmProjects/pythonProject/llm_confidence/data/processed/gemma2-9b-it/demographic,high_school_biology_df_Hispanic_18-24_non-binary individual.csv,biology,non-binary individual,18-24,Hispanic,7.258064516129032,0.12258064516129033
/Users/dexter/PycharmProjects/pythonProject/llm_confidence/data/processed/gemma2-9b-it/demographic,gpqa_biology_df_Black_18-24_non-binary individual.csv,biology,non-binary individual,18-24,Black,7.571428571428571,0.42857142857142866
/Users/dexter/PycharmProjects/pythonProject/llm_confidence/data/processed/gemma2-9b-it/demographic,college_chemistry_df_Hispanic_40-54_Male.csv,chemistry,Male,40-54,Hispanic,4.9,0.18
/Users/dexter/PycharmProjects/pythonProject/llm_confidence/data/processed/gemma2-9b-it/demographic,college_biology_df_Black_55+_non-binary individual.csv,biology,non-binary individual,55+,Black,6.285714285714286,0.16428571428571428
/Users/dexter/PycharmProjects/pythonProject/llm_confidence/data/processed/gemma2-9b-it/demographic,high_school_chemistry_df_Asian_18-24_Female.csv,chemistry,Female,18-24,Asian,7.2,0.145
/Users/dexter/PycharmProjects/pythonProject/llm_confidence/data/processed/gemma2-9b-it/demographic,college_physics_df_Black_40-54_Male.csv,physics,Male,40-54,Black,5.8,0.17
/Users/dexter/PycharmProjects/pythonProject/llm_confidence/data/processed/gemma2-9b-it/demographic,college_chemistry_df_Hispanic_55+_Male.csv,chemistry,Male,55+,Hispanic,3.9,0.19999999999999998
/Users/dexter/PycharmProjects/pythonProject/llm_confidence/data/processed/gemma2-9b-it/demographic,gpqa_chemistry_df_Black_18-24_non-binary individual.csv,chemistry,non-binary individual,18-24,Black,6.888888888888889,0.2722222222222222
/Users/dexter/PycharmProjects/pythonProject/llm_confidence/data/processed/gemma2-9b-it/demographic,gpqa_physics_df_White_55+_Male.csv,physics,Male,55+,White,3.8333333333333335,0.35
/Users/dexter/PycharmProjects/pythonProject/llm_confidence/data/processed/gemma2-9b-it/demographic,college_chemistry_df_White_55+_Female.csv,chemistry,Female,55+,White,3.0,0.06000000000000001
/Users/dexter/PycharmProjects/pythonProject/llm_confidence/data/processed/gemma2-9b-it/demographic,gpqa_chemistry_df_Black_55+_Female.csv,chemistry,Female,55+,Black,6.333333333333333,0.2833333333333333
/Users/dexter/PycharmProjects/pythonProject/llm_confidence/data/processed/gemma2-9b-it/demographic,college_chemistry_df_Hispanic_40-54_Female.csv,chemistry,Female,40-54,Hispanic,3.9,0.16999999999999998
/Users/dexter/PycharmProjects/pythonProject/llm_confidence/data/processed/gemma2-9b-it/demographic,high_school_biology_df_Black_18-24_non-binary individual.csv,biology,non-binary individual,18-24,Black,7.32258064516129,0.1709677419354839
/Users/dexter/PycharmProjects/pythonProject/llm_confidence/data/processed/gemma2-9b-it/demographic,gpqa_biology_df_White_55+_Female.csv,biology,Female,55+,White,5.857142857142857,0.4142857142857143
/Users/dexter/PycharmProjects/pythonProject/llm_confidence/data/processed/gemma2-9b-it/demographic,college_chemistry_df_Hispanic_55+_non-binary individual.csv,chemistry,non-binary individual,55+,Hispanic,3.7,0.06999999999999999
/Users/dexter/PycharmProjects/pythonProject/llm_confidence/data/processed/gemma2-9b-it/demographic,high_school_chemistry_df_Black_55+_Female.csv,chemistry,Female,55+,Black,6.2,0.16499999999999998
/Users/dexter/PycharmProjects/pythonProject/llm_confidence/data/processed/gemma2-9b-it/demographic,gpqa_physics_df_Hispanic_55+_non-binary individual.csv,physics,non-binary individual,55+,Hispanic,4.111111111111111,0.35
/Users/dexter/PycharmProjects/pythonProject/llm_confidence/data/processed/gemma2-9b-it/demographic,college_biology_df_Asian_40-54_Female.csv,biology,Female,40-54,Asian,7.0,0.17857142857142858
/Users/dexter/PycharmProjects/pythonProject/llm_confidence/data/processed/gemma2-9b-it/demographic,gpqa_physics_df_White_18-24_non-binary individual.csv,physics,non-binary individual,18-24,White,5.777777777777778,0.3611111111111111
/Users/dexter/PycharmProjects/pythonProject/llm_confidence/data/processed/gemma2-9b-it/demographic,high_school_physics_df_Hispanic_25-39_Male.csv,physics,Male,25-39,Hispanic,6.733333333333333,0.18666666666666668
/Users/dexter/PycharmProjects/pythonProject/llm_confidence/data/processed/gemma2-9b-it/demographic,gpqa_biology_df_Asian_25-39_Male.csv,biology,Male,25-39,Asian,7.285714285714286,0.41428571428571426
/Users/dexter/PycharmProjects/pythonProject/llm_confidence/data/processed/gemma2-9b-it/demographic,high_school_physics_df_White_55+_non-binary individual.csv,physics,non-binary individual,55+,White,5.466666666666667,0.16000000000000003
/Users/dexter/PycharmProjects/pythonProject/llm_confidence/data/processed/gemma2-9b-it/demographic,gpqa_physics_df_Black_18-24_Female.csv,physics,Female,18-24,Black,4.333333333333333,0.37777777777777777
/Users/dexter/PycharmProjects/pythonProject/llm_confidence/data/processed/gemma2-9b-it/demographic,gpqa_biology_df_Hispanic_55+_Male.csv,biology,Male,55+,Hispanic,6.428571428571429,0.4571428571428572
/Users/dexter/PycharmProjects/pythonProject/llm_confidence/data/processed/gemma2-9b-it/demographic,college_physics_df_Asian_18-24_non-binary individual.csv,physics,non-binary individual,18-24,Asian,6.8,0.13
/Users/dexter/PycharmProjects/pythonProject/llm_confidence/data/processed/gemma2-9b-it/demographic,college_chemistry_df_Hispanic_40-54_non-binary individual.csv,chemistry,non-binary individual,40-54,Hispanic,6.0,0.09
/Users/dexter/PycharmProjects/pythonProject/llm_confidence/data/processed/gemma2-9b-it/demographic,high_school_chemistry_df_Asian_40-54_non-binary individual.csv,chemistry,non-binary individual,40-54,Asian,7.2,0.17
/Users/dexter/PycharmProjects/pythonProject/llm_confidence/data/processed/gemma2-9b-it/demographic,high_school_chemistry_df_White_40-54_Male.csv,chemistry,Male,40-54,White,7.0,0.22000000000000003
/Users/dexter/PycharmProjects/pythonProject/llm_confidence/data/processed/gemma2-9b-it/demographic,college_physics_df_Hispanic_55+_Female.csv,physics,Female,55+,Hispanic,3.1,0.18
/Users/dexter/PycharmProjects/pythonProject/llm_confidence/data/processed/gemma2-9b-it/demographic,gpqa_biology_df_White_25-39_Female.csv,biology,Female,25-39,White,7.0,0.32857142857142857
/Users/dexter/PycharmProjects/pythonProject/llm_confidence/data/processed/gemma2-9b-it/demographic,gpqa_biology_df_Black_40-54_Male.csv,biology,Male,40-54,Black,7.0,0.31428571428571433
/Users/dexter/PycharmProjects/pythonProject/llm_confidence/data/processed/gemma2-9b-it/demographic,high_school_biology_df_Asian_18-24_Male.csv,biology,Male,18-24,Asian,7.516129032258065,0.2032258064516129
/Users/dexter/PycharmProjects/pythonProject/llm_confidence/data/processed/gemma2-9b-it/demographic,college_chemistry_df_Black_40-54_non-binary individual.csv,chemistry,non-binary individual,40-54,Black,6.4,0.15
/Users/dexter/PycharmProjects/pythonProject/llm_confidence/data/processed/gemma2-9b-it/demographic,college_biology_df_Asian_55+_Male.csv,biology,Male,55+,Asian,6.857142857142857,0.10714285714285714
/Users/dexter/PycharmProjects/pythonProject/llm_confidence/data/processed/gemma2-9b-it/demographic,high_school_physics_df_Black_40-54_Female.csv,physics,Female,40-54,Black,6.266666666666667,0.20000000000000004
/Users/dexter/PycharmProjects/pythonProject/llm_confidence/data/processed/gemma2-9b-it/demographic,high_school_chemistry_df_Asian_55+_non-binary individual.csv,chemistry,non-binary individual,55+,Asian,7.0,0.16499999999999998
/Users/dexter/PycharmProjects/pythonProject/llm_confidence/data/processed/gemma2-9b-it/demographic,college_physics_df_Black_25-39_non-binary individual.csv,physics,non-binary individual,25-39,Black,6.4,0.21000000000000002
/Users/dexter/PycharmProjects/pythonProject/llm_confidence/data/processed/gemma2-9b-it/demographic,college_physics_df_Hispanic_55+_non-binary individual.csv,physics,non-binary individual,55+,Hispanic,4.4,0.12000000000000002
/Users/dexter/PycharmProjects/pythonProject/llm_confidence/data/processed/gemma2-9b-it/demographic,college_chemistry_df_Black_18-24_Female.csv,chemistry,Female,18-24,Black,4.0,0.15
/Users/dexter/PycharmProjects/pythonProject/llm_confidence/data/processed/gemma2-9b-it/demographic,gpqa_chemistry_df_Asian_40-54_non-binary individual.csv,chemistry,non-binary individual,40-54,Asian,7.0,0.29444444444444445
/Users/dexter/PycharmProjects/pythonProject/llm_confidence/data/processed/gemma2-9b-it/demographic,college_biology_df_Black_18-24_Male.csv,biology,Male,18-24,Black,5.928571428571429,0.15714285714285717
/Users/dexter/PycharmProjects/pythonProject/llm_confidence/data/processed/gemma2-9b-it/demographic,college_biology_df_Black_55+_Male.csv,biology,Male,55+,Black,6.571428571428571,0.10714285714285714
/Users/dexter/PycharmProjects/pythonProject/llm_confidence/data/processed/gemma2-9b-it/demographic,high_school_chemistry_df_Asian_40-54_Female.csv,chemistry,Female,40-54,Asian,6.9,0.125
/Users/dexter/PycharmProjects/pythonProject/llm_confidence/data/processed/gemma2-9b-it/demographic,high_school_biology_df_Asian_25-39_non-binary individual.csv,biology,non-binary individual,25-39,Asian,7.516129032258065,0.15161290322580645
/Users/dexter/PycharmProjects/pythonProject/llm_confidence/data/processed/gemma2-9b-it/demographic,college_biology_df_White_40-54_non-binary individual.csv,biology,non-binary individual,40-54,White,6.928571428571429,0.19285714285714287
/Users/dexter/PycharmProjects/pythonProject/llm_confidence/data/processed/gemma2-9b-it/demographic,gpqa_biology_df_Asian_40-54_non-binary individual.csv,biology,non-binary individual,40-54,Asian,7.571428571428571,0.2857142857142857
/Users/dexter/PycharmProjects/pythonProject/llm_confidence/data/processed/gemma2-9b-it/demographic,gpqa_chemistry_df_Asian_25-39_non-binary individual.csv,chemistry,non-binary individual,25-39,Asian,7.0,0.2888888888888889
/Users/dexter/PycharmProjects/pythonProject/llm_confidence/data/processed/gemma2-9b-it/demographic,college_physics_df_Asian_25-39_Male.csv,physics,Male,25-39,Asian,7.2,0.13999999999999999
/Users/dexter/PycharmProjects/pythonProject/llm_confidence/data/processed/gemma2-9b-it/demographic,gpqa_biology_df_Asian_25-39_non-binary individual.csv,biology,non-binary individual,25-39,Asian,8.0,0.42857142857142855
/Users/dexter/PycharmProjects/pythonProject/llm_confidence/data/processed/gemma2-9b-it/demographic,college_biology_df_White_25-39_non-binary individual.csv,biology,non-binary individual,25-39,White,7.071428571428571,0.19999999999999998
/Users/dexter/PycharmProjects/pythonProject/llm_confidence/data/processed/gemma2-9b-it/demographic,high_school_biology_df_Asian_40-54_non-binary individual.csv,biology,non-binary individual,40-54,Asian,7.387096774193548,0.12580645161290321
/Users/dexter/PycharmProjects/pythonProject/llm_confidence/data/processed/gemma2-9b-it/demographic,college_physics_df_Hispanic_18-24_non-binary individual.csv,physics,non-binary individual,18-24,Hispanic,6.0,0.19
/Users/dexter/PycharmProjects/pythonProject/llm_confidence/data/processed/gemma2-9b-it/demographic,high_school_biology_df_Hispanic_55+_non-binary individual.csv,biology,non-binary individual,55+,Hispanic,6.806451612903226,0.1548387096774194
/Users/dexter/PycharmProjects/pythonProject/llm_confidence/data/processed/gemma2-9b-it/demographic,college_chemistry_df_Hispanic_18-24_Female.csv,chemistry,Female,18-24,Hispanic,3.6,0.13999999999999999
/Users/dexter/PycharmProjects/pythonProject/llm_confidence/data/processed/gemma2-9b-it/demographic,gpqa_chemistry_df_White_40-54_Male.csv,chemistry,Male,40-54,White,6.888888888888889,0.2777777777777778
/Users/dexter/PycharmProjects/pythonProject/llm_confidence/data/processed/gemma2-9b-it/demographic,college_chemistry_df_Black_25-39_non-binary individual.csv,chemistry,non-binary individual,25-39,Black,6.8,0.12
/Users/dexter/PycharmProjects/pythonProject/llm_confidence/data/processed/gemma2-9b-it/demographic,high_school_chemistry_df_Black_18-24_non-binary individual.csv,chemistry,non-binary individual,18-24,Black,6.95,0.17
/Users/dexter/PycharmProjects/pythonProject/llm_confidence/data/processed/gemma2-9b-it/demographic,high_school_biology_df_White_25-39_Female.csv,biology,Female,25-39,White,7.290322580645161,0.14838709677419357
/Users/dexter/PycharmProjects/pythonProject/llm_confidence/data/processed/gemma2-9b-it/demographic,high_school_physics_df_Black_25-39_Male.csv,physics,Male,25-39,Black,6.8,0.24000000000000002
/Users/dexter/PycharmProjects/pythonProject/llm_confidence/data/processed/gemma2-9b-it/demographic,college_chemistry_df_Black_40-54_Male.csv,chemistry,Male,40-54,Black,5.3,0.18
/Users/dexter/PycharmProjects/pythonProject/llm_confidence/data/processed/gemma2-9b-it/demographic,gpqa_chemistry_df_Hispanic_55+_Female.csv,chemistry,Female,55+,Hispanic,5.777777777777778,0.3055555555555556
/Users/dexter/PycharmProjects/pythonProject/llm_confidence/data/processed/gemma2-9b-it/demographic,gpqa_chemistry_df_Asian_55+_non-binary individual.csv,chemistry,non-binary individual,55+,Asian,6.111111111111111,0.27222222222222225
/Users/dexter/PycharmProjects/pythonProject/llm_confidence/data/processed/gemma2-9b-it/demographic,college_physics_df_White_55+_Female.csv,physics,Female,55+,White,2.9,0.11000000000000001
/Users/dexter/PycharmProjects/pythonProject/llm_confidence/data/processed/gemma2-9b-it/demographic,college_physics_df_Black_40-54_non-binary individual.csv,physics,non-binary individual,40-54,Black,6.0,0.23000000000000004
/Users/dexter/PycharmProjects/pythonProject/llm_confidence/data/processed/gemma2-9b-it/demographic,gpqa_chemistry_df_White_55+_Male.csv,chemistry,Male,55+,White,6.333333333333333,0.3055555555555556
/Users/dexter/PycharmProjects/pythonProject/llm_confidence/data/processed/gemma2-9b-it/demographic,gpqa_physics_df_Black_40-54_Female.csv,physics,Female,40-54,Black,5.111111111111111,0.35555555555555557
/Users/dexter/PycharmProjects/pythonProject/llm_confidence/data/processed/gemma2-9b-it/demographic,college_biology_df_Asian_18-24_Female.csv,biology,Female,18-24,Asian,7.214285714285714,0.17142857142857143
/Users/dexter/PycharmProjects/pythonProject/llm_confidence/data/processed/gemma2-9b-it/demographic,college_biology_df_Hispanic_18-24_Male.csv,biology,Male,18-24,Hispanic,6.071428571428571,0.12142857142857143
/Users/dexter/PycharmProjects/pythonProject/llm_confidence/data/processed/gemma2-9b-it/demographic,gpqa_chemistry_df_Asian_25-39_Female.csv,chemistry,Female,25-39,Asian,7.111111111111111,0.3111111111111111
/Users/dexter/PycharmProjects/pythonProject/llm_confidence/data/processed/gemma2-9b-it/demographic,gpqa_biology_df_Black_40-54_Female.csv,biology,Female,40-54,Black,7.0,0.44285714285714295
/Users/dexter/PycharmProjects/pythonProject/llm_confidence/data/processed/gemma2-9b-it/demographic,college_physics_df_Asian_18-24_Female.csv,physics,Female,18-24,Asian,6.2,0.21000000000000002
/Users/dexter/PycharmProjects/pythonProject/llm_confidence/data/processed/gemma2-9b-it/demographic,college_physics_df_White_55+_non-binary individual.csv,physics,non-binary individual,55+,White,4.4,0.11000000000000001
/Users/dexter/PycharmProjects/pythonProject/llm_confidence/data/processed/gemma2-9b-it/demographic,high_school_physics_df_White_25-39_Female.csv,physics,Female,25-39,White,6.2,0.18666666666666665
/Users/dexter/PycharmProjects/pythonProject/llm_confidence/data/processed/gemma2-9b-it/demographic,high_school_physics_df_Asian_18-24_Male.csv,physics,Male,18-24,Asian,7.133333333333334,0.2933333333333333
/Users/dexter/PycharmProjects/pythonProject/llm_confidence/data/processed/gemma2-9b-it/demographic,gpqa_physics_df_Black_40-54_Male.csv,physics,Male,40-54,Black,5.111111111111111,0.3888888888888889
/Users/dexter/PycharmProjects/pythonProject/llm_confidence/data/processed/gemma2-9b-it/demographic,gpqa_biology_df_Hispanic_25-39_Male.csv,biology,Male,25-39,Hispanic,7.0,0.39999999999999997
/Users/dexter/PycharmProjects/pythonProject/llm_confidence/data/processed/gemma2-9b-it/demographic,college_chemistry_df_Hispanic_18-24_Male.csv,chemistry,Male,18-24,Hispanic,4.2,0.13999999999999999
/Users/dexter/PycharmProjects/pythonProject/llm_confidence/data/processed/gemma2-9b-it/demographic,gpqa_biology_df_Black_55+_non-binary individual.csv,biology,non-binary individual,55+,Black,7.142857142857143,0.4428571428571428
/Users/dexter/PycharmProjects/pythonProject/llm_confidence/data/processed/gemma2-9b-it/demographic,high_school_physics_df_Hispanic_40-54_non-binary individual.csv,physics,non-binary individual,40-54,Hispanic,6.6,0.1866666666666667
/Users/dexter/PycharmProjects/pythonProject/llm_confidence/data/processed/gemma2-9b-it/demographic,college_physics_df_Black_18-24_Male.csv,physics,Male,18-24,Black,5.4,0.37
/Users/dexter/PycharmProjects/pythonProject/llm_confidence/data/processed/gemma2-9b-it/demographic,gpqa_biology_df_Hispanic_25-39_Female.csv,biology,Female,25-39,Hispanic,7.0,0.42857142857142855
/Users/dexter/PycharmProjects/pythonProject/llm_confidence/data/processed/gemma2-9b-it/demographic,high_school_biology_df_Black_55+_non-binary individual.csv,biology,non-binary individual,55+,Black,7.129032258064516,0.09032258064516129
/Users/dexter/PycharmProjects/pythonProject/llm_confidence/data/processed/gemma2-9b-it/demographic,college_biology_df_Asian_25-39_Male.csv,biology,Male,25-39,Asian,7.285714285714286,0.17857142857142858
/Users/dexter/PycharmProjects/pythonProject/llm_confidence/data/processed/gemma2-9b-it/demographic,high_school_physics_df_Hispanic_55+_Male.csv,physics,Male,55+,Hispanic,6.0,0.14
/Users/dexter/PycharmProjects/pythonProject/llm_confidence/data/processed/gemma2-9b-it/demographic,high_school_physics_df_Hispanic_25-39_non-binary individual.csv,physics,non-binary individual,25-39,Hispanic,7.0,0.19999999999999998
/Users/dexter/PycharmProjects/pythonProject/llm_confidence/data/processed/gemma2-9b-it/demographic,high_school_biology_df_Black_40-54_Female.csv,biology,Female,40-54,Black,7.483870967741935,0.15806451612903227
/Users/dexter/PycharmProjects/pythonProject/llm_confidence/data/processed/gemma2-9b-it/demographic,college_biology_df_White_55+_Female.csv,biology,Female,55+,White,5.857142857142857,0.06428571428571428
/Users/dexter/PycharmProjects/pythonProject/llm_confidence/data/processed/gemma2-9b-it/demographic,high_school_physics_df_Hispanic_40-54_Female.csv,physics,Female,40-54,Hispanic,6.066666666666666,0.20666666666666667
/Users/dexter/PycharmProjects/pythonProject/llm_confidence/data/processed/gemma2-9b-it/demographic,gpqa_physics_df_White_25-39_Female.csv,physics,Female,25-39,White,3.6666666666666665,0.3722222222222222
/Users/dexter/PycharmProjects/pythonProject/llm_confidence/data/processed/gemma2-9b-it/demographic,high_school_biology_df_Black_25-39_Male.csv,biology,Male,25-39,Black,7.387096774193548,0.20322580645161292
/Users/dexter/PycharmProjects/pythonProject/llm_confidence/data/processed/gemma2-9b-it/demographic,high_school_physics_df_White_55+_Male.csv,physics,Male,55+,White,6.266666666666667,0.26
/Users/dexter/PycharmProjects/pythonProject/llm_confidence/data/processed/gemma2-9b-it/demographic,high_school_biology_df_Asian_25-39_Female.csv,biology,Female,25-39,Asian,7.612903225806452,0.1935483870967742
/Users/dexter/PycharmProjects/pythonProject/llm_confidence/data/processed/gemma2-9b-it/demographic,gpqa_chemistry_df_White_25-39_Female.csv,chemistry,Female,25-39,White,6.555555555555555,0.28888888888888886
/Users/dexter/PycharmProjects/pythonProject/llm_confidence/data/processed/gemma2-9b-it/demographic,college_biology_df_White_18-24_Female.csv,biology,Female,18-24,White,6.357142857142857,0.17857142857142858
/Users/dexter/PycharmProjects/pythonProject/llm_confidence/data/processed/gemma2-9b-it/demographic,high_school_biology_df_Asian_25-39_Male.csv,biology,Male,25-39,Asian,7.580645161290323,0.1774193548387097
/Users/dexter/PycharmProjects/pythonProject/llm_confidence/data/processed/gemma2-9b-it/demographic,high_school_physics_df_Hispanic_55+_non-binary individual.csv,physics,non-binary individual,55+,Hispanic,5.933333333333334,0.18000000000000002
/Users/dexter/PycharmProjects/pythonProject/llm_confidence/data/processed/gemma2-9b-it/demographic,high_school_chemistry_df_Black_55+_non-binary individual.csv,chemistry,non-binary individual,55+,Black,6.55,0.15499999999999997
/Users/dexter/PycharmProjects/pythonProject/llm_confidence/data/processed/gemma2-9b-it/demographic,high_school_biology_df_White_55+_Female.csv,biology,Female,55+,White,6.516129032258065,0.12903225806451613
/Users/dexter/PycharmProjects/pythonProject/llm_confidence/data/processed/gemma2-9b-it/demographic,high_school_biology_df_White_55+_Male.csv,biology,Male,55+,White,6.903225806451613,0.14838709677419354
/Users/dexter/PycharmProjects/pythonProject/llm_confidence/data/processed/gemma2-9b-it/demographic,high_school_chemistry_df_Hispanic_55+_Female.csv,chemistry,Female,55+,Hispanic,5.45,0.13
/Users/dexter/PycharmProjects/pythonProject/llm_confidence/data/processed/gemma2-9b-it/demographic,college_biology_df_Black_25-39_Male.csv,biology,Male,25-39,Black,6.857142857142857,0.14999999999999997
/Users/dexter/PycharmProjects/pythonProject/llm_confidence/data/processed/gemma2-9b-it/demographic,high_school_chemistry_df_White_40-54_Female.csv,chemistry,Female,40-54,White,6.2,0.15499999999999997
/Users/dexter/PycharmProjects/pythonProject/llm_confidence/data/processed/gemma2-9b-it/demographic,college_physics_df_Asian_18-24_Male.csv,physics,Male,18-24,Asian,6.9,0.13999999999999999
/Users/dexter/PycharmProjects/pythonProject/llm_confidence/data/processed/gemma2-9b-it/demographic,college_biology_df_Hispanic_55+_non-binary individual.csv,biology,non-binary individual,55+,Hispanic,5.642857142857143,0.1857142857142857
/Users/dexter/PycharmProjects/pythonProject/llm_confidence/data/processed/gemma2-9b-it/demographic,gpqa_biology_df_Asian_25-39_Female.csv,biology,Female,25-39,Asian,7.285714285714286,0.39999999999999997
/Users/dexter/PycharmProjects/pythonProject/llm_confidence/data/processed/gemma2-9b-it/demographic,college_biology_df_Hispanic_25-39_Male.csv,biology,Male,25-39,Hispanic,6.5,0.1285714285714286
/Users/dexter/PycharmProjects/pythonProject/llm_confidence/data/processed/gemma2-9b-it/demographic,gpqa_chemistry_df_Black_55+_non-binary individual.csv,chemistry,non-binary individual,55+,Black,5.777777777777778,0.2944444444444445
/Users/dexter/PycharmProjects/pythonProject/llm_confidence/data/processed/gemma2-9b-it/demographic,high_school_chemistry_df_Hispanic_18-24_non-binary individual.csv,chemistry,non-binary individual,18-24,Hispanic,7.15,0.16499999999999998
/Users/dexter/PycharmProjects/pythonProject/llm_confidence/data/processed/gemma2-9b-it/demographic,high_school_physics_df_Black_18-24_Male.csv,physics,Male,18-24,Black,6.2,0.2733333333333333
/Users/dexter/PycharmProjects/pythonProject/llm_confidence/data/processed/gemma2-9b-it/demographic,gpqa_physics_df_Asian_40-54_Male.csv,physics,Male,40-54,Asian,6.777777777777778,0.3888888888888889
/Users/dexter/PycharmProjects/pythonProject/llm_confidence/data/processed/gemma2-9b-it/demographic,college_chemistry_df_Asian_40-54_Male.csv,chemistry,Male,40-54,Asian,6.3,0.15
/Users/dexter/PycharmProjects/pythonProject/llm_confidence/data/processed/gemma2-9b-it/demographic,high_school_physics_df_Asian_25-39_Male.csv,physics,Male,25-39,Asian,7.2,0.21333333333333332
/Users/dexter/PycharmProjects/pythonProject/llm_confidence/data/processed/gemma2-9b-it/demographic,gpqa_biology_df_Hispanic_18-24_Male.csv,biology,Male,18-24,Hispanic,6.714285714285714,0.4142857142857143
/Users/dexter/PycharmProjects/pythonProject/llm_confidence/data/processed/gemma2-9b-it/demographic,gpqa_chemistry_df_Black_40-54_Female.csv,chemistry,Female,40-54,Black,6.777777777777778,0.3
/Users/dexter/PycharmProjects/pythonProject/llm_confidence/data/processed/gemma2-9b-it/demographic,gpqa_physics_df_Asian_25-39_Female.csv,physics,Female,25-39,Asian,6.777777777777778,0.36666666666666664
/Users/dexter/PycharmProjects/pythonProject/llm_confidence/data/processed/gemma2-9b-it/demographic,college_physics_df_Black_25-39_Male.csv,physics,Male,25-39,Black,6.6,0.13999999999999999
/Users/dexter/PycharmProjects/pythonProject/llm_confidence/data/processed/gemma2-9b-it/demographic,college_physics_df_White_18-24_non-binary individual.csv,physics,non-binary individual,18-24,White,6.2,0.12
/Users/dexter/PycharmProjects/pythonProject/llm_confidence/data/processed/gemma2-9b-it/demographic,college_biology_df_Hispanic_18-24_Female.csv,biology,Female,18-24,Hispanic,5.928571428571429,0.17857142857142858
/Users/dexter/PycharmProjects/pythonProject/llm_confidence/data/processed/gemma2-9b-it/demographic,college_chemistry_df_Hispanic_25-39_Male.csv,chemistry,Male,25-39,Hispanic,5.2,0.09
/Users/dexter/PycharmProjects/pythonProject/llm_confidence/data/processed/gemma2-9b-it/demographic,gpqa_physics_df_Asian_18-24_non-binary individual.csv,physics,non-binary individual,18-24,Asian,7.055555555555555,0.3444444444444444
/Users/dexter/PycharmProjects/pythonProject/llm_confidence/data/processed/gemma2-9b-it/demographic,gpqa_physics_df_Hispanic_40-54_Female.csv,physics,Female,40-54,Hispanic,3.888888888888889,0.3722222222222222
/Users/dexter/PycharmProjects/pythonProject/llm_confidence/data/processed/gemma2-9b-it/demographic,high_school_chemistry_df_White_40-54_non-binary individual.csv,chemistry,non-binary individual,40-54,White,6.95,0.13999999999999999
/Users/dexter/PycharmProjects/pythonProject/llm_confidence/data/processed/gemma2-9b-it/demographic,gpqa_biology_df_Asian_55+_non-binary individual.csv,biology,non-binary individual,55+,Asian,7.142857142857143,0.5
/Users/dexter/PycharmProjects/pythonProject/llm_confidence/data/processed/gemma2-9b-it/demographic,high_school_physics_df_White_55+_Female.csv,physics,Female,55+,White,4.133333333333334,0.19333333333333336
/Users/dexter/PycharmProjects/pythonProject/llm_confidence/data/processed/gemma2-9b-it/demographic,college_biology_df_Asian_18-24_Male.csv,biology,Male,18-24,Asian,7.071428571428571,0.17857142857142858
/Users/dexter/PycharmProjects/pythonProject/llm_confidence/data/processed/gemma2-9b-it/demographic,college_physics_df_Asian_55+_Male.csv,physics,Male,55+,Asian,6.1,0.21000000000000002
/Users/dexter/PycharmProjects/pythonProject/llm_confidence/data/processed/gemma2-9b-it/demographic,high_school_biology_df_Asian_55+_non-binary individual.csv,biology,non-binary individual,55+,Asian,7.161290322580645,0.14193548387096774
/Users/dexter/PycharmProjects/pythonProject/llm_confidence/data/processed/gemma2-9b-it/demographic,high_school_physics_df_Asian_18-24_non-binary individual.csv,physics,non-binary individual,18-24,Asian,7.2,0.20666666666666664
/Users/dexter/PycharmProjects/pythonProject/llm_confidence/data/processed/gemma2-9b-it/demographic,college_chemistry_df_White_18-24_non-binary individual.csv,chemistry,non-binary individual,18-24,White,5.3,0.09
/Users/dexter/PycharmProjects/pythonProject/llm_confidence/data/processed/gemma2-9b-it/demographic,high_school_chemistry_df_White_25-39_non-binary individual.csv,chemistry,non-binary individual,25-39,White,7.15,0.155
/Users/dexter/PycharmProjects/pythonProject/llm_confidence/data/processed/gemma2-9b-it/demographic,high_school_chemistry_df_Black_25-39_Female.csv,chemistry,Female,25-39,Black,7.1,0.13
/Users/dexter/PycharmProjects/pythonProject/llm_confidence/data/processed/gemma2-9b-it/demographic,gpqa_physics_df_Hispanic_18-24_non-binary individual.csv,physics,non-binary individual,18-24,Hispanic,6.333333333333333,0.33888888888888885
/Users/dexter/PycharmProjects/pythonProject/llm_confidence/data/processed/gemma2-9b-it/demographic,college_physics_df_White_18-24_Female.csv,physics,Female,18-24,White,4.2,0.12999999999999998
/Users/dexter/PycharmProjects/pythonProject/llm_confidence/data/processed/gemma2-9b-it/demographic,gpqa_biology_df_Asian_40-54_Male.csv,biology,Male,40-54,Asian,7.142857142857143,0.4142857142857143
/Users/dexter/PycharmProjects/pythonProject/llm_confidence/data/processed/gemma2-9b-it/demographic,high_school_physics_df_Hispanic_40-54_Male.csv,physics,Male,40-54,Hispanic,6.2,0.25999999999999995
/Users/dexter/PycharmProjects/pythonProject/llm_confidence/data/processed/gemma2-9b-it/demographic,high_school_biology_df_Black_18-24_Male.csv,biology,Male,18-24,Black,7.064516129032258,0.2032258064516129
/Users/dexter/PycharmProjects/pythonProject/llm_confidence/data/processed/gemma2-9b-it/demographic,college_biology_df_Black_18-24_non-binary individual.csv,biology,non-binary individual,18-24,Black,7.142857142857143,0.17857142857142858
/Users/dexter/PycharmProjects/pythonProject/llm_confidence/data/processed/gemma2-9b-it/demographic,college_physics_df_Black_55+_Male.csv,physics,Male,55+,Black,4.9,0.21000000000000002
/Users/dexter/PycharmProjects/pythonProject/llm_confidence/data/processed/gemma2-9b-it/demographic,gpqa_physics_df_Hispanic_55+_Female.csv,physics,Female,55+,Hispanic,3.3333333333333335,0.3666666666666667
/Users/dexter/PycharmProjects/pythonProject/llm_confidence/data/processed/gemma2-9b-it/demographic,high_school_biology_df_Hispanic_25-39_Female.csv,biology,Female,25-39,Hispanic,7.387096774193548,0.16129032258064516
/Users/dexter/PycharmProjects/pythonProject/llm_confidence/data/processed/gemma2-9b-it/demographic,high_school_physics_df_Asian_25-39_Female.csv,physics,Female,25-39,Asian,7.0,0.21333333333333335
/Users/dexter/PycharmProjects/pythonProject/llm_confidence/data/processed/gemma2-9b-it/demographic,gpqa_biology_df_Black_25-39_Male.csv,biology,Male,25-39,Black,7.0,0.4142857142857143
/Users/dexter/PycharmProjects/pythonProject/llm_confidence/data/processed/gemma2-9b-it/demographic,gpqa_chemistry_df_Hispanic_25-39_non-binary individual.csv,chemistry,non-binary individual,25-39,Hispanic,7.0,0.2888888888888889
/Users/dexter/PycharmProjects/pythonProject/llm_confidence/data/processed/gemma2-9b-it/demographic,gpqa_chemistry_df_White_25-39_non-binary individual.csv,chemistry,non-binary individual,25-39,White,6.944444444444445,0.30000000000000004
/Users/dexter/PycharmProjects/pythonProject/llm_confidence/data/processed/gemma2-9b-it/demographic,college_biology_df_Black_25-39_Female.csv,biology,Female,25-39,Black,7.0,0.18571428571428572
/Users/dexter/PycharmProjects/pythonProject/llm_confidence/data/processed/gemma2-9b-it/demographic,high_school_chemistry_df_White_25-39_Male.csv,chemistry,Male,25-39,White,7.1,0.125
/Users/dexter/PycharmProjects/pythonProject/llm_confidence/data/processed/gemma2-9b-it/demographic,gpqa_chemistry_df_Black_18-24_Female.csv,chemistry,Female,18-24,Black,6.388888888888889,0.27777777777777785
/Users/dexter/PycharmProjects/pythonProject/llm_confidence/data/processed/gemma2-9b-it/demographic,college_biology_df_Asian_25-39_non-binary individual.csv,biology,non-binary individual,25-39,Asian,7.571428571428571,0.18571428571428572
/Users/dexter/PycharmProjects/pythonProject/llm_confidence/data/processed/gemma2-9b-it/demographic,high_school_biology_df_White_40-54_non-binary individual.csv,biology,non-binary individual,40-54,White,7.193548387096774,0.13548387096774195
/Users/dexter/PycharmProjects/pythonProject/llm_confidence/data/processed/gemma2-9b-it/demographic,gpqa_chemistry_df_Hispanic_25-39_Female.csv,chemistry,Female,25-39,Hispanic,6.722222222222222,0.2666666666666667
/Users/dexter/PycharmProjects/pythonProject/llm_confidence/data/processed/gemma2-9b-it/demographic,gpqa_biology_df_White_25-39_non-binary individual.csv,biology,non-binary individual,25-39,White,7.0,0.48571428571428565
/Users/dexter/PycharmProjects/pythonProject/llm_confidence/data/processed/gemma2-9b-it/demographic,gpqa_physics_df_Hispanic_18-24_Female.csv,physics,Female,18-24,Hispanic,3.7777777777777777,0.3888888888888889
/Users/dexter/PycharmProjects/pythonProject/llm_confidence/data/processed/gemma2-9b-it/demographic,high_school_chemistry_df_Asian_55+_Female.csv,chemistry,Female,55+,Asian,6.2,0.125
/Users/dexter/PycharmProjects/pythonProject/llm_confidence/data/processed/gemma2-9b-it/demographic,high_school_physics_df_Black_25-39_non-binary individual.csv,physics,non-binary individual,25-39,Black,6.933333333333334,0.19999999999999998
/Users/dexter/PycharmProjects/pythonProject/llm_confidence/data/processed/gemma2-9b-it/demographic,college_chemistry_df_Asian_55+_non-binary individual.csv,chemistry,non-binary individual,55+,Asian,4.4,0.06000000000000001
/Users/dexter/PycharmProjects/pythonProject/llm_confidence/data/processed/gemma2-9b-it/demographic,college_biology_df_Hispanic_40-54_Female.csv,biology,Female,40-54,Hispanic,6.071428571428571,0.18571428571428572
/Users/dexter/PycharmProjects/pythonProject/llm_confidence/data/processed/gemma2-9b-it/demographic,gpqa_physics_df_Black_40-54_non-binary individual.csv,physics,non-binary individual,40-54,Black,6.444444444444445,0.35000000000000003
/Users/dexter/PycharmProjects/pythonProject/llm_confidence/data/processed/gemma2-9b-it/demographic,gpqa_chemistry_df_Hispanic_55+_Male.csv,chemistry,Male,55+,Hispanic,6.444444444444445,0.30000000000000004
/Users/dexter/PycharmProjects/pythonProject/llm_confidence/data/processed/gemma2-9b-it/demographic,college_physics_df_Asian_40-54_Male.csv,physics,Male,40-54,Asian,6.9,0.11000000000000001
/Users/dexter/PycharmProjects/pythonProject/llm_confidence/data/processed/gemma2-9b-it/demographic,gpqa_physics_df_Black_25-39_non-binary individual.csv,physics,non-binary individual,25-39,Black,6.555555555555555,0.3222222222222222
/Users/dexter/PycharmProjects/pythonProject/llm_confidence/data/processed/gemma2-9b-it/demographic,gpqa_chemistry_df_Asian_55+_Female.csv,chemistry,Female,55+,Asian,6.666666666666667,0.27222222222222225
/Users/dexter/PycharmProjects/pythonProject/llm_confidence/data/processed/gemma2-9b-it/demographic,high_school_physics_df_Black_40-54_non-binary individual.csv,physics,non-binary individual,40-54,Black,6.6,0.23333333333333334
/Users/dexter/PycharmProjects/pythonProject/llm_confidence/data/processed/gemma2-9b-it/demographic,gpqa_chemistry_df_Hispanic_55+_non-binary individual.csv,chemistry,non-binary individual,55+,Hispanic,5.777777777777778,0.2833333333333334
/Users/dexter/PycharmProjects/pythonProject/llm_confidence/data/processed/gemma2-9b-it/demographic,high_school_physics_df_Black_40-54_Male.csv,physics,Male,40-54,Black,6.4,0.2533333333333333
/Users/dexter/PycharmProjects/pythonProject/llm_confidence/data/processed/gemma2-9b-it/demographic,college_chemistry_df_Black_25-39_Male.csv,chemistry,Male,25-39,Black,5.6,0.15999999999999998
/Users/dexter/PycharmProjects/pythonProject/llm_confidence/data/processed/gemma2-9b-it/demographic,gpqa_physics_df_Asian_18-24_Male.csv,physics,Male,18-24,Asian,6.777777777777778,0.37222222222222223
/Users/dexter/PycharmProjects/pythonProject/llm_confidence/data/processed/gemma2-9b-it/demographic,gpqa_chemistry_df_White_40-54_non-binary individual.csv,chemistry,non-binary individual,40-54,White,6.666666666666667,0.288888888888889
/Users/dexter/PycharmProjects/pythonProject/llm_confidence/data/processed/gemma2-9b-it/demographic,gpqa_biology_df_White_55+_Male.csv,biology,Male,55+,White,6.142857142857143,0.4571428571428572
/Users/dexter/PycharmProjects/pythonProject/llm_confidence/data/processed/gemma2-9b-it/demographic,gpqa_chemistry_df_Hispanic_40-54_non-binary individual.csv,chemistry,non-binary individual,40-54,Hispanic,6.944444444444445,0.2833333333333334
/Users/dexter/PycharmProjects/pythonProject/llm_confidence/data/processed/gemma2-9b-it/demographic,college_chemistry_df_Asian_25-39_Female.csv,chemistry,Female,25-39,Asian,6.3,0.16
/Users/dexter/PycharmProjects/pythonProject/llm_confidence/data/processed/gemma2-9b-it/demographic,gpqa_chemistry_df_White_25-39_Male.csv,chemistry,Male,25-39,White,6.888888888888889,0.2833333333333334
/Users/dexter/PycharmProjects/pythonProject/llm_confidence/data/processed/gemma2-9b-it/demographic,gpqa_biology_df_White_40-54_non-binary individual.csv,biology,non-binary individual,40-54,White,7.428571428571429,0.32857142857142857
/Users/dexter/PycharmProjects/pythonProject/llm_confidence/data/processed/gemma2-9b-it/demographic,high_school_biology_df_White_25-39_non-binary individual.csv,biology,non-binary individual,25-39,White,7.258064516129032,0.16774193548387098
/Users/dexter/PycharmProjects/pythonProject/llm_confidence/data/processed/gemma2-9b-it/demographic,college_biology_df_Asian_40-54_non-binary individual.csv,biology,non-binary individual,40-54,Asian,7.285714285714286,0.16428571428571428
/Users/dexter/PycharmProjects/pythonProject/llm_confidence/data/processed/gemma2-9b-it/demographic,college_physics_df_White_40-54_Female.csv,physics,Female,40-54,White,4.4,0.11000000000000001
/Users/dexter/PycharmProjects/pythonProject/llm_confidence/data/processed/gemma2-9b-it/demographic,high_school_chemistry_df_White_55+_Male.csv,chemistry,Male,55+,White,8.7,0.165
/Users/dexter/PycharmProjects/pythonProject/llm_confidence/data/processed/gemma2-9b-it/demographic,high_school_biology_df_Hispanic_55+_Female.csv,biology,Female,55+,Hispanic,6.67741935483871,0.1935483870967742
/Users/dexter/PycharmProjects/pythonProject/llm_confidence/data/processed/gemma2-9b-it/demographic,high_school_chemistry_df_Hispanic_25-39_Female.csv,chemistry,Female,25-39,Hispanic,6.8,0.13999999999999999
/Users/dexter/PycharmProjects/pythonProject/llm_confidence/data/processed/gemma2-9b-it/demographic,college_biology_df_White_40-54_Female.csv,biology,Female,40-54,White,6.0,0.15714285714285717
/Users/dexter/PycharmProjects/pythonProject/llm_confidence/data/processed/gemma2-9b-it/demographic,gpqa_biology_df_Hispanic_40-54_Male.csv,biology,Male,40-54,Hispanic,6.714285714285714,0.4571428571428572
/Users/dexter/PycharmProjects/pythonProject/llm_confidence/data/processed/gemma2-9b-it/demographic,gpqa_physics_df_Black_25-39_Male.csv,physics,Male,25-39,Black,5.777777777777778,0.3722222222222222
/Users/dexter/PycharmProjects/pythonProject/llm_confidence/data/processed/gemma2-9b-it/demographic,college_chemistry_df_Asian_18-24_Male.csv,chemistry,Male,18-24,Asian,6.0,0.19999999999999998
/Users/dexter/PycharmProjects/pythonProject/llm_confidence/data/processed/gemma2-9b-it/demographic,gpqa_biology_df_Hispanic_55+_non-binary individual.csv,biology,non-binary individual,55+,Hispanic,7.0,0.42857142857142855
/Users/dexter/PycharmProjects/pythonProject/llm_confidence/data/processed/gemma2-9b-it/demographic,gpqa_biology_df_Hispanic_25-39_non-binary individual.csv,biology,non-binary individual,25-39,Hispanic,7.857142857142857,0.3428571428571429
/Users/dexter/PycharmProjects/pythonProject/llm_confidence/data/processed/gemma2-9b-it/demographic,college_biology_df_Asian_55+_non-binary individual.csv,biology,non-binary individual,55+,Asian,6.5,0.17857142857142858
/Users/dexter/PycharmProjects/pythonProject/llm_confidence/data/processed/gemma2-9b-it/demographic,high_school_chemistry_df_White_18-24_Female.csv,chemistry,Female,18-24,White,6.4,0.11499999999999999
/Users/dexter/PycharmProjects/pythonProject/llm_confidence/data/processed/gemma2-9b-it/demographic,gpqa_biology_df_Hispanic_40-54_non-binary individual.csv,biology,non-binary individual,40-54,Hispanic,7.142857142857143,0.42857142857142855
/Users/dexter/PycharmProjects/pythonProject/llm_confidence/data/processed/gemma2-9b-it/demographic,college_biology_df_Asian_40-54_Male.csv,biology,Male,40-54,Asian,7.071428571428571,0.1285714285714286
/Users/dexter/PycharmProjects/pythonProject/llm_confidence/data/processed/gemma2-9b-it/demographic,college_biology_df_Hispanic_55+_Male.csv,biology,Male,55+,Hispanic,6.0,0.1357142857142857
/Users/dexter/PycharmProjects/pythonProject/llm_confidence/data/processed/gemma2-9b-it/demographic,college_physics_df_Black_25-39_Female.csv,physics,Female,25-39,Black,5.8,0.13
/Users/dexter/PycharmProjects/pythonProject/llm_confidence/data/processed/gemma2-9b-it/demographic,high_school_physics_df_Hispanic_18-24_Male.csv,physics,Male,18-24,Hispanic,6.266666666666667,0.2733333333333333
/Users/dexter/PycharmProjects/pythonProject/llm_confidence/data/processed/gemma2-9b-it/demographic,gpqa_biology_df_Asian_18-24_Male.csv,biology,Male,18-24,Asian,7.142857142857143,0.42857142857142855
/Users/dexter/PycharmProjects/pythonProject/llm_confidence/data/processed/gemma2-9b-it/demographic,high_school_biology_df_Black_40-54_Male.csv,biology,Male,40-54,Black,7.129032258064516,0.2032258064516129
